{
  "cv_degree": {
    "max": 0.35943088424078756,
    "mean": 0.3250231195907101,
    "median": 0.32226321583318973,
    "min": 0.3071351061305645,
    "n_valid": 20,
    "q25": 0.31869877830450283,
    "q75": 0.3320506039405966,
    "std_dev": 0.012677640261202524,
    "std_err": 0.002834806541833703
  },
  "d_H": {
    "max": 3.754765835580453,
    "mean": 1.3084062789134443,
    "median": 0.0,
    "min": 0.0,
    "n_valid": 20,
    "q25": 0.0,
    "q75": 3.7369128596903667,
    "std_dev": 1.8294017722859308,
    "std_err": 0.40906667209899317
  },
  "d_s": {
    "max": 0.3877161741256714,
    "mean": 0.12128197103738785,
    "median": 0.0,
    "min": 0.0,
    "n_valid": 20,
    "q25": 0.0,
    "q75": 0.332793265581131,
    "std_dev": 0.17017979914776601,
    "std_err": 0.03805335992916656
  },
  "f_curvature": {
    "max": -0.2826666331615501,
    "mean": -4.00044339214621,
    "median": -6.0,
    "min": -6.0,
    "n_valid": 20,
    "q25": -6.0,
    "q75": -0.28825063446619775,
    "std_dev": 2.7957270680418653,
    "std_err": 0.625143577067779
  },
  "f_hausdorff": {
    "max": -0.12027959079710665,
    "mean": -20.848104123226666,
    "median": -32.0,
    "min": -32.0,
    "n_valid": 20,
    "q25": -32.0,
    "q75": -0.13842968679260137,
    "std_dev": 15.592280902810906,
    "std_err": 3.4865400022956976
  },
  "f_regularity": {
    "max": -0.028299592025349932,
    "mean": -0.03173781441088198,
    "median": -0.031156080548836094,
    "min": -0.03875716816383433,
    "n_valid": 20,
    "q25": -0.032762850674813174,
    "q75": -0.03007856572315649,
    "std_dev": 0.0025296069955042235,
    "std_err": 0.0005656373198306448
  },
  "f_spectral": {
    "max": -11.321190653649754,
    "mean": -14.426602225142371,
    "median": -16.0,
    "min": -16.0,
    "n_valid": 20,
    "q25": -16.0,
    "q75": -11.588030210998427,
    "std_dev": 2.201347924545079,
    "std_err": 0.4922363601410874
  },
  "f_stability": {
    "max": -0.0,
    "mean": -2.0190401313816923e-05,
    "median": -1.1575540368758388e-05,
    "min": -4.65262951127994e-05,
    "n_valid": 20,
    "q25": -3.2257891087166565e-05,
    "q75": -5.13643219995323e-06,
    "std_dev": 1.6629540098269645e-05,
    "std_err": 3.7184782094289456e-06
  },
  "fitness_total": {
    "max": -12.121594136888595,
    "mean": -56.12796185053204,
    "median": -72.03197432403627,
    "min": -92.03880369445895,
    "n_valid": 20,
    "q25": -82.0316194134387,
    "q75": -12.389518916557236,
    "std_dev": 33.805106971707765,
    "std_err": 7.559051717539062
  },
  "mean_curvature": {
    "max": 0.0,
    "mean": -0.149489397952954,
    "median": 0.0,
    "min": -0.435820308526357,
    "n_valid": 20,
    "q25": -0.4233237439393997,
    "q75": 0.0,
    "std_dev": 0.20902869479519937,
    "std_err": 0.04674023708101222
  },
  "mean_degree": {
    "max": 8.861513687600644,
    "mean": 8.685073255440017,
    "median": 8.711194532180397,
    "min": 8.465266558966075,
    "n_valid": 20,
    "q25": 8.608064516129032,
    "q75": 8.744372990353698,
    "std_dev": 0.1016493521689511,
    "std_err": 0.022729486131859034
  },
  "n_aborted": 0,
  "n_connected": 7,
  "n_final": {
    "max": 625.0,
    "mean": 621.45,
    "median": 622.0,
    "min": 619.0,
    "n_valid": 20,
    "q25": 620.0,
    "q75": 623.0,
    "std_dev": 1.79105966869954,
    "std_err": 0.40049311709704233
  },
  "n_total": 20,
  "runs": [
    {
      "aborted": false,
      "cv_degree": 0.3080696232583712,
      "d_H": 3.7393241138051954,
      "d_s": 0.3230000138282776,
      "is_connected": true,
      "mean_curvature": -0.4281527384122213,
      "mean_degree": 8.820224719101123,
      "n_final": 623.0,
      "seed": 42,
      "std_curvature": 0.13305880079309176,
      "steps_completed": 200,
      "total": -12.470890980499528
    },
    {
      "aborted": false,
      "cv_degree": 0.3320506039405966,
      "d_H": 0.0,
      "d_s": 0.0,
      "is_connected": false,
      "mean_curvature": 0.0,
      "mean_degree": 8.574193548387097,
      "n_final": 620.0,
      "seed": 1000045,
      "std_curvature": 0.0,
      "steps_completed": 200,
      "total": -72.03310953896428
    },
    {
      "aborted": false,
      "cv_degree": 0.31441889935152645,
      "d_H": 0.0,
      "d_s": 0.0,
      "is_connected": false,
      "mean_curvature": 0.0,
      "mean_degree": 8.784565916398714,
      "n_final": 622.0,
      "seed": 2000048,
      "std_curvature": 0.0,
      "steps_completed": 200,
      "total": -92.0296693488212
    },
    {
      "aborted": false,
      "cv_degree": 0.32454481762023873,
      "d_H": 0.0,
      "d_s": 0.0,
      "is_connected": false,
      "mean_curvature": 0.0,
      "mean_degree": 8.676328502415458,
      "n_final": 621.0,
      "seed": 3000051,
      "std_curvature": 0.0,
      "steps_completed": 200,
      "total": -82.0316194134387
    },
    {
      "aborted": false,
      "cv_degree": 0.31967608127150177,
      "d_H": 0.0,
      "d_s": 0.0,
      "is_connected": false,
      "mean_curvature": 0.0,
      "mean_degree": 8.744372990353698,
      "n_final": 622.0,
      "seed": 4000054,
      "std_curvature": 0.0,
      "steps_completed": 200,
      "total": -72.0306694146215
    },
    {
      "aborted": false,
      "cv_degree": 0.3215722953139166,
      "d_H": 0.0,
      "d_s": 0.0,
      "is_connected": false,
      "mean_curvature": 0.0,
      "mean_degree": 8.706260032102728,
      "n_final": 623.0,
      "seed": 5000057,
      "std_curvature": 0.0,
      "steps_completed": 200,
      "total": -72.03102775876623
    },
    {
      "aborted": false,
      "cv_degree": 0.3071351061305645,
      "d_H": 3.7369128596903667,
      "d_s": 0.332793265581131,
      "is_connected": true,
      "mean_curvature": -0.4249288499355316,
      "mean_degree": 8.861513687600644,
      "n_final": 621.0,
      "seed": 6000060,
      "std_curvature": 0.1271190458222769,
      "steps_completed": 200,
      "total": -12.389518916557236
    },
    {
      "aborted": false,
      "cv_degree": 0.32211641561315,
      "d_H": 0.0,
      "d_s": 0.0,
      "is_connected": false,
      "mean_curvature": 0.0,
      "mean_degree": 8.565428109854604,
      "n_final": 619.0,
      "seed": 7000063,
      "std_curvature": 0.0,
      "steps_completed": 200,
      "total": -72.03117422185734
    },
    {
      "aborted": false,
      "cv_degree": 0.3242034500595881,
      "d_H": 3.7504070114804904,
      "d_s": 0.3586581349372864,
      "is_connected": true,
      "mean_curvature": -0.4213164746761322,
      "mean_degree": 8.692926045016078,
      "n_final": 622.0,
      "seed": 8000066,
      "std_curvature": 0.14830032530612802,
      "steps_completed": 200,
      "total": -12.277339312261192
    },
    {
      "aborted": false,
      "cv_degree": 0.3215220612481231,
      "d_H": 3.7049963180770207,
      "d_s": 0.3207908868789673,
      "is_connected": true,
      "mean_curvature": -0.4287706647316615,
      "mean_degree": 8.780096308186195,
      "n_final": 623.0,
      "seed": 9000069,
      "std_curvature": 0.12401780054484347,
      "steps_completed": 200,
      "total": -12.292010853382074
    },
    {
      "aborted": false,
      "cv_degree": 0.35943088424078756,
      "d_H": 0.0,
      "d_s": 0.0,
      "is_connected": false,
      "mean_curvature": 0.0,
      "mean_degree": 8.52827140549273,
      "n_final": 619.0,
      "seed": 10000072,
      "std_curvature": 0.0,
      "steps_completed": 200,
      "total": -92.03880369445895
    },
    {
      "aborted": false,
      "cv_degree": 0.350776856429864,
      "d_H": 0.0,
      "d_s": 0.0,
      "is_connected": false,
      "mean_curvature": 0.0,
      "mean_degree": 8.465266558966075,
      "n_final": 619.0,
      "seed": 11000075,
      "std_curvature": 0.0,
      "steps_completed": 200,
      "total": -92.03695984719715
    },
    {
      "aborted": false,
      "cv_degree": 0.32634123511740853,
      "d_H": 0.0,
      "d_s": 0.0,
      "is_connected": false,
      "mean_curvature": 0.0,