{
  "cv_degree": {
    "max": 0.27825135988515226,
    "mean": 0.2704389575587135,
    "median": 0.27047621127056287,
    "min": 0.2631604281154137,
    "n_valid": 20,
    "q25": 0.26793815791121794,
    "q75": 0.27412288316986116,
    "std_dev": 0.004179912528683485,
    "std_err": 0.0009346568554139312
  },
  "d_H": {
    "max": 4.015923544270002,
    "mean": 3.881402778539409,
    "median": 3.8727242088094096,
    "min": 3.752585205131773,
    "n_valid": 20,
    "q25": 3.8356841600016045,
    "q75": 3.925647139538507,
    "std_dev": 0.06652862045451265,
    "std_err": 0.014876251778557323
  },
  "d_s": {
    "max": 2.7942644924044293,
    "mean": 2.139315547647886,
    "median": 2.3814400432222698,
    "min": 0.8094907402992249,
    "n_valid": 20,
    "q25": 2.0571988613850167,
    "q75": 2.510045798562447,
    "std_dev": 0.6178190525320366,
    "std_err": 0.13814853992561474
  },
  "f_curvature": {
    "max": -0.09152796568814833,
    "mean": -0.1068329268401564,
    "median": -0.10682096430229845,
    "min": -0.11860959767045369,
    "n_valid": 20,
    "q25": -0.11053837555467783,
    "q75": -0.10278245739760011,
    "std_dev": 0.00695406140304524,
    "std_err": 0.0015549754016916718
  },
  "f_hausdorff": {
    "max": -0.0005071185242374468,
    "mean": -0.036540110821548275,
    "median": -0.03258940711193939,
    "min": -0.1224281614393735,
    "n_valid": 20,
    "q25": -0.05399939054875662,
    "q75": -0.011056695717612475,
    "std_dev": 0.03273468447943189,
    "std_err": 0.007319697971801702
  },
  "f_regularity": {
    "max": -0.020776023277766346,
    "mean": -0.02194614835522612,
    "median": -0.021947268198774808,
    "min": -0.023227145783380955,
    "n_valid": 20,
    "q25": -0.022438554892949044,
    "q75": -0.02133443100370289,
    "std_dev": 0.0006785603273921905,
    "std_err": 0.00015173070188834506
  },
  "f_spectral": {
    "max": -1.2553310604850831,
    "mean": -3.4052950295908095,
    "median": -2.216000020744289,
    "min": -9.887685404385081,
    "n_valid": 20,
    "q25": -3.425064092342851,
    "q75": -1.7847888281824809,
    "std_dev": 2.695570029431508,
    "std_err": 0.602747782391996
  },
  "f_stability": {
    "max": -0.18114704164348933,
    "mean": -0.1885447316294811,
    "median": -0.18962580547882651,
    "min": -0.19549786499252964,
    "n_valid": 20,
    "q25": -0.1912238957699947,
    "q75": -0.18378847555828856,
    "std_dev": 0.0044078946692429595,
    "std_err": 0.0009856352118086209
  },
  "fitness_total": {
    "max": -5.138530003640031,
    "mean": -7.197971491614193,
    "median": -6.221524465786231,
    "min": -13.260800369751333,
    "n_valid": 20,
    "q25": -7.126260607310265,
    "q75": -5.616471322369183,
    "std_dev": 2.5967636674533687,
    "std_err": 0.580654008192739
  },
  "mean_curvature": {
    "max": -0.22381543238957724,
    "mean": -0.24371056068936986,
    "median": -0.24375322888294854,
    "min": -0.2571217821041743,
    "n_valid": 20,
    "q25": -0.2482170561949412,
    "q75": -0.23758962909380596,
    "std_dev": 0.0087786357424218,
    "std_err": 0.0019629626269764477
  },
  "mean_degree": {
    "max": 9.929371231696813,
    "mean": 9.853120627276034,
    "median": 9.849916280047239,
    "min": 9.789383561643836,
    "n_valid": 20,
    "q25": 9.82986111111111,
    "q75": 9.875547765118318,
    "std_dev": 0.039442515137809254,
    "std_err": 0.008819614505170598
  },
  "n_aborted": 0,
  "n_connected": 20,
  "n_final": {
    "max": 1168.0,
    "mean": 1154.95,
    "median": 1157.0,
    "min": 1141.0,
    "n_valid": 20,
    "q25": 1148.0,
    "q75": 1161.0,
    "std_dev": 8.293783340868217,
    "std_err": 1.854546334083664
  },
  "n_total": 20,
  "runs": [
    {
      "aborted": false,
      "cv_degree": 0.27110396703231665,
      "d_H": 3.862789668448226,
      "d_s": 2.4678058224719424,
      "is_connected": true,
      "mean_curvature": -0.23845964948336285,
      "mean_degree": 9.851268591426072,
      "n_final": 1143.0,
      "seed": 42,
      "std_curvature": 0.15478698404535066,
      "steps_completed": 200,
      "total": -5.708885096592971
    },
    {
      "aborted": false,
      "cv_degree": 0.27412288316986116,
      "d_H": 3.779468332293027,
      "d_s": 2.3365501214003945,
      "is_connected": true,
      "mean_curvature": -0.2431526376803716,
      "mean_degree": 9.801724137931034,
      "n_final": 1160.0,
      "seed": 1000045,
      "std_curvature": 0.15430259434034818,
      "steps_completed": 200,
      "total": -5.616471322369183
    },
    {
      "aborted": false,
      "cv_degree": 0.27170050164952175,
      "d_H": 3.862947883693144,
      "d_s": 2.742532308790205,
      "is_connected": true,
      "mean_curvature": -0.2571217821041743,
      "mean_degree": 9.874125874125873,
      "n_final": 1144.0,
      "seed": 2000048,
      "std_curvature": 0.15680092174441693,
      "steps_completed": 200,
      "total": -5.196434960976973
    },
    {
      "aborted": false,
      "cv_degree": 0.27667803050692813,
      "d_H": 3.838961443899741,
      "d_s": 2.5449095044432126,
      "is_connected": true,
      "mean_curvature": -0.24298046012719474,
      "mean_degree": 9.79757785467128,
      "n_final": 1156.0,
      "seed": 3000051,
      "std_curvature": 0.1617456786864807,
      "steps_completed": 200,
      "total": -5.138530003640031
    },
    {
      "aborted": false,
      "cv_degree": 0.2647172358735387,
      "d_H": 3.9572772548840573,
      "d_s": 2.4263598894583738,
      "is_connected": true,
      "mean_curvature": -0.2470519624153773,
      "mean_degree": 9.929188255613125,
      "n_final": 1158.0,
      "seed": 4000054,
      "std_curvature": 0.14266265651165763,
      "steps_completed": 200,
      "total": -6.600711663523014
    },
    {
      "aborted": false,
      "cv_degree": 0.27005218378966883,
      "d_H": 3.9027781704701376,
      "d_s": 2.484021646344061,
      "is_connected": true,
      "mean_curvature": -0.2482170561949412,
      "mean_degree": 9.82752613240418,
      "n_final": 1148.0,
      "seed": 5000057,
      "std_curvature": 0.15543836967558955,
      "steps_completed": 200,
      "total": -5.6277221432999465
    },
    {
      "aborted": false,
      "cv_degree": 0.2666735270182306,
      "d_H": 3.925647139538507,
      "d_s": 2.7942644924044293,
      "is_connected": true,
      "mean_curvature": -0.23419151306152344,
      "mean_degree": 9.929371231696813,
      "n_final": 1161.0,
      "seed": 6000060,
      "std_curvature": 0.15106395019153895,
      "steps_completed": 200,
      "total": -5.528412429471223
    },
    {
      "aborted": false,
      "cv_degree": 0.2734870800906266,
      "d_H": 3.752585205131773,
      "d_s": 2.510045798562447,
      "is_connected": true,
      "mean_curvature": -0.2561786550283432,
      "mean_degree": 9.848563968668408,
      "n_final": 1149.0,
      "seed": 7000063,
      "std_curvature": 0.16398513238403617,
      "steps_completed": 200,
      "total": -5.410108547152373
    },
    {
      "aborted": false,
      "cv_degree": 0.26488648355003397,
      "d_H": 3.882500533925675,
      "d_s": 0.8094907402992249,
      "is_connected": true,
      "mean_curvature": -0.25257502754529315,
      "mean_degree": 9.85261353898886,
      "n_final": 1167.0,
      "seed": 8000066,
      "std_curvature": 0.1540026885052138,
      "steps_completed": 200,
      "total": -13.239881583195697
    },
    {
      "aborted": false,
      "cv_degree": 0.27825135988515226,
      "d_H": 3.9689204644096843,
      "d_s": 0.8244514465332031,
      "is_connected": true,
      "mean_curvature": -0.24580823103586832,
      "mean_degree": 9.789383561643836,
      "n_final": 1168.0,
      "seed": 9000069,
      "std_curvature": 0.14693724540300312,
      "steps_completed": 200,
      "total": -13.260800369751333
    },
    {
      "aborted": false,
      "cv_degree": 0.2663427338872898,
      "d_H": 3.9130907959159518,
      "d_s": 2.57713090573119,
      "is_connected": true,