{
  "cv_degree": {
    "max": 0.37322713338842667,
    "mean": 0.35231459378291935,
    "median": 0.35490204541736126,
    "min": 0.32711563073499433,
    "n_valid": 10,
    "q25": 0.33786959388728793,
    "q75": 0.3656974987357286,
    "std_dev": 0.014864553813185168,
    "std_err": 0.004700584645180615
  },
  "d_H": {
    "max": 3.733570105229059,
    "mean": 0.37335701052290593,
    "median": 0.0,
    "min": 0.0,
    "n_valid": 10,
    "q25": 0.0,
    "q75": 0.0,
    "std_dev": 1.180658533643836,
    "std_err": 0.37335701052290593
  },
  "d_s": {
    "max": 3.4705051856373843,
    "mean": 0.3470505185637384,
    "median": 0.0,
    "min": 0.0,
    "n_valid": 10,
    "q25": 0.0,
    "q75": 0.0,
    "std_dev": 1.0974701018039612,
    "std_err": 0.3470505185637383
  },
  "f_curvature": {
    "max": -0.27272213402449064,
    "mean": -5.427272213402449,
    "median": -6.0,
    "min": -6.0,
    "n_valid": 10,
    "q25": -6.0,
    "q75": -6.0,
    "std_dev": 1.8111242849151183,
    "std_err": 0.572727786597551
  },
  "f_hausdorff": {
    "max": -0.1419697776553093,
    "mean": -28.814196977765526,
    "median": -32.0,
    "min": -32.0,
    "n_valid": 10,
    "q25": -32.0,
    "q75": -32.0,
    "std_dev": 10.074393726908967,
    "std_err": 3.1858030222344684
  },
  "f_regularity": {
    "max": -0.03210139076134595,
    "mean": -0.037297329736944614,
    "median": -0.03778697663036347,
    "min": -0.041789547929202725,
    "n_valid": 10,
    "q25": -0.04012039817447047,
    "q75": -0.03424675874206826,
    "std_dev": 0.0031223993824390185,
    "std_err": 0.0009873893813210452
  },
  "f_spectral": {
    "max": -0.06920315191977432,
    "mean": -14.406920315191977,
    "median": -16.0,
    "min": -16.0,
    "n_valid": 10,
    "q25": -16.0,
    "q75": -16.0,
    "std_dev": 5.037760298136492,
    "std_err": 1.5930796848080222
  },
  "f_stability": {
    "max": -1.1575540368758388e-05,
    "mean": -6.612764990469427e-05,
    "median": -6.342975015360432e-05,
    "min": -0.0001300784807200285,
    "n_valid": 10,
    "q25": -0.0001051929609220332,
    "q75": -3.2257891087166565e-05,
    "std_dev": 3.9467981598060606e-05,
    "std_err": 1.2480871649948374e-05
  },
  "fitness_total": {
    "max": -0.8447687470222722,
    "mean": -72.91841449866084,
    "median": -82.03722644025265,
    "min": -92.04185297767935,
    "n_valid": 10,
    "q25": -82.03835315523708,
    "q75": -72.04035279951819,
    "std_dev": 25.95034974722085,
    "std_err": 8.206221127919264
  },
  "mean_curvature": {
    "max": 0.0,
    "mean": -0.04164766714970271,
    "median": 0.0,
    "min": -0.4164766714970271,
    "n_valid": 10,
    "q25": 0.0,
    "q75": 0.0,
    "std_dev": 0.1317014874256334,
    "std_err": 0.041647667149702715
  },
  "mean_degree": {
    "max": 8.624595469255663,
    "mean": 8.408528373913331,
    "median": 8.377949441158517,
    "min": 8.271844660194175,
    "n_valid": 10,
    "q25": 8.339774557165862,
    "q75": 8.435064935064934,
    "std_dev": 0.11120118860544351,
    "std_err": 0.035164903451116454
  },
  "n_aborted": 0,
  "n_connected": 1,
  "n_final": {
    "max": 622.0,
    "mean": 618.2,
    "median": 618.0,
    "min": 615.0,
    "n_valid": 10,
    "q25": 616.0,
    "q75": 620.0,
    "std_dev": 2.2997584414213788,
    "std_err": 0.7272474743090476
  },
  "n_total": 10,
  "runs": [
    {
      "aborted": false,
      "cv_degree": 0.33786959388728793,
      "d_H": 3.733570105229059,
      "d_s": 3.4705051856373843,
      "is_connected": true,
      "mean_curvature": -0.4164766714970271,
      "mean_degree": 8.578778135048232,
      "n_final": 622.0,
      "seed": 42,
      "std_curvature": 0.1293208267456131,
      "steps_completed": 200,
      "total": -0.8447687470222722
    },
    {
      "aborted": false,
      "cv_degree": 0.3538404774960764,
      "d_H": 0.0,
      "d_s": 0.0,
      "is_connected": false,
      "mean_curvature": 0.0,
      "mean_degree": 8.38961038961039,
      "n_final": 616.0,
      "seed": 1000045,
      "std_curvature": 0.0,
      "steps_completed": 200,
      "total": -82.03766611801531
    },
    {
      "aborted": false,
      "cv_degree": 0.3656974987357286,
      "d_H": 0.0,
      "d_s": 0.0,
      "is_connected": false,
      "mean_curvature": 0.0,
      "mean_degree": 8.435064935064934,
      "n_final": 616.0,
      "seed": 2000048,
      "std_curvature": 0.0,
      "steps_completed": 200,
      "total": -82.04022559113538
    },
    {
      "aborted": false,
      "cv_degree": 0.35007689938325887,
      "d_H": 0.0,
      "d_s": 0.0,
      "is_connected": false,
      "mean_curvature": 0.0,
      "mean_degree": 8.339774557165862,
      "n_final": 621.0,
      "seed": 3000051,
      "std_curvature": 0.0,
      "steps_completed": 200,
      "total": -82.03678676249
    },
    {
      "aborted": false,
      "cv_degree": 0.33558099875230474,
      "d_H": 0.0,
      "d_s": 0.0,
      "is_connected": false,
      "mean_curvature": 0.0,
      "mean_degree": 8.394184168012924,
      "n_final": 619.0,
      "seed": 4000054,
      "std_curvature": 0.0,
      "steps_completed": 200,
      "total": -72.03383090831218
    },
    {
      "aborted": false,
      "cv_degree": 0.3559636133386461,
      "d_H": 0.0,
      "d_s": 0.0,
      "is_connected": false,
      "mean_curvature": 0.0,
      "mean_degree": 8.357723577235772,
      "n_final": 615.0,
      "seed": 5000057,
      "std_curvature": 0.0,
      "steps_completed": 200,
      "total": -82.03814310668706
    },
    {
      "aborted": false,
      "cv_degree": 0.357165574175903,
      "d_H": 0.0,
      "d_s": 0.0,
      "is_connected": false,
      "mean_curvature": 0.0,
      "mean_degree": 8.366288492706644,
      "n_final": 617.0,
      "seed": 6000060,
      "std_curvature": 0.0,
      "steps_completed": 200,
      "total": -82.03835315523708
    },
    {
      "aborted": false,
      "cv_degree": 0.37322713338842667,
      "d_H": 0.0,
      "d_s": 0.0,
      "is_connected": false,
      "mean_curvature": 0.0,
      "mean_degree": 8.271844660194175,
      "n_final": 618.0,
      "seed": 7000063,
      "std_curvature": 0.0,
      "steps_completed": 200,
      "total": -92.04185297767935
    },
    {
      "aborted": false,
      "cv_degree": 0.36660851793656696,
      "d_H": 0.0,
      "d_s": 0.0,
      "is_connected": false,
      "mean_curvature": 0.0,
      "mean_degree": 8.32741935483871,
      "n_final": 620.0,
      "seed": 8000066,
      "std_curvature": 0.0,
      "steps_completed": 200,
      "total": -72.04035279951819
    },
    {
      "aborted": false,
      "cv_degree": 0.32711563073499433,
      "d_H": 0.0,
      "d_s": 0.0,
      "is_connected": false,
      "mean_curvature": 0.0,
      "mean_degree": 8.624595469255663,
      "n_final": 618.0,
      "seed": 9000069,
      "std_curvature": 0.0,
      "steps_completed": 200,
      "total": -82.0321648205115
    }
  ],
  "std_curvature": {
    "max": 0.1293208267456131,
    "mean": 0.01293208267456131,
    "median": 0.0,
    "min": 0.0,
    "n_valid": 10,
    "q25": 0.0,
    "q75": 0.0,
    "std_dev": 0.04089483614121578,
    "std_err": 0.01293208267456131
  }
}
