{
  "E": 2000,
  "L": 5,
  "N": 625,
  "baseline": {
    "d_H": 2.8613598289455426,
    "d_s": 2.572408744953576,
    "mean_curvature": 0.012363228797912598,
    "mean_degree": 6.4,
    "std_curvature": 0.014194125185609651
  },
  "config": {
    "curvature_samples": 300,
    "hausdorff_sources": 30,
    "steps": 75,
    "walkers": 10000
  },
  "lattice": "4d",
  "spectral_v2": {
    "P_t": [
      0.1631,
      0.0629,
      0.0352,
      0.0241,
      0.0195,
      0.0141,
      0.0111,
      0.0114,
      0.0084,
      0.0069,
      0.0074,
      0.006,
      0.0074,
      0.0064,
      0.0047,
      0.0054,
      0.0037,
      0.0028,
      0.0046,
      0.0043,
      0.0048,
      0.0035,
      0.0034,
      0.0049,
      0.003,
      0.0037,
      0.0042,
      0.0038,
      0.0036,
      0.0036,
      0.0052,
      0.003,
      0.0032,
      0.0028,
      0.0031,
      0.0033,
      0.0032
    ],
    "d_eff_t": [
      2.770310528779387,
      2.7695582662858107,
      2.6239613094594634,
      2.5748575404218346,
      2.7685986179860955,
      2.490363147628756,
      2.3483582618629257,
      2.7319892291193515,
      2.660498640853423,
      2.432195776802646,
      0.9321391515490743,
      0.2319311532399757,
      1.835559752131883,
      2.683794929673674,
      4.237137993854513,
      5.839917862539264,
      3.6866868619925373,
      -0.30200332782654193,
      -4.302951551834847,
      -1.5580811730950082,
      3.6834680466592196,
      1.3889680184982012,
      0.9498188788879053,
      0.7623354493613533,
      0.4256754059993515,
      -0.814954447818257,
      -1.7164309107333235,
      1.7206659092266186,
      -1.715315106929553,
      -1.2701071115780243,
      3.384514107384774,
      7.819088791448621,
      6.295467837997364,
      -0.7979431878974967,
      -1.9375187879068607,
      -1.5485034023498212,
      0.5517657282000135
    ],
    "d_s": 2.572408744953576,
    "d_s_error": 0.05501613845179971,
    "global_fit": 1.8013043403625488,
    "global_fit_r2": 0.8944888114929199,
    "has_plateau": true,
    "plateau_t_max": 20.0,
    "plateau_t_min": 8.0,
    "time_pts": [
      2.0,
      4.0,
      6.0,
      8.0,
      10.0,
      12.0,
      14.0,
      16.0,
      18.0,
      20.0,
      22.0,
      24.0,
      26.0,
      28.0,
      30.0,
      32.0,
      34.0,
      36.0,
      38.0,
      40.0,
      42.0,
      44.0,
      46.0,
      48.0,
      50.0,
      52.0,
      54.0,
      56.0,
      58.0,
      60.0,
      62.0,
      64.0,
      66.0,
      68.0,
      70.0,
      72.0,
      74.0
    ]
  }
}
