{
  "best_params": [
    0.44593009423966945,
    -1.6571573306704677,
    0.021752569534081622,
    0.50767071674298,
    -0.6984203449334526,
    -3.9109585460733394,
    -2.5078903900275686,
    1.871310819725664,
    1.2506503304547705,
    0.15825545364846214,
    -0.017899768463866733,
    -0.15694665775198538,
    -4.317632069980729,
    2.642060913245843
  ],
  "best_fitness": -0.7850701700759148,
  "generation": 999
}