{
  "best_params": [
    10.48973411487924,
    9.659621946728326,
    -7.008247277194987,
    2.2118271829224274,
    7.714466034524764,
    0.6328158826476369,
    -6.121467063307731,
    2.5500969542317975,
    -5.617464373079045,
    -2.3733355608244753,
    -11.553092481791918,
    -9.904167912880082,
    -3.1763825481750065,
    -1.3022685620818848
  ],
  "best_fitness": -0.45305156685332904,
  "generation": 409
}