{
  "description": "Best 4D rule from CMA-ES v3 search (gen 409/500)",
  "fitness": -0.45305156685332904,
  "generation": 409,
  "best_params": [
    10.48973411487924,
    9.659621946728326,
    -7.008247277194987,
    2.2118271829224274,
    7.714466034524764,
    0.6328158826476369,
    -6.121467063307731,
    2.5500969542317975,
    -5.617464373079045,
    -2.3733355608244753,
    -11.553092481791918,
    -9.904167912880082,
    -3.1763825481750065,
    -1.3022685620818848
  ],
  "state_matrix": {
    "theta_00": 10.48973411487924,
    "theta_01": 9.659621946728326,
    "theta_02": -7.008247277194987,
    "theta_10": 2.2118271829224274,
    "theta_11": 7.714466034524764,
    "theta_12": 0.6328158826476369,
    "theta_20": -6.121467063307731,
    "theta_21": 2.5500969542317975,
    "theta_22": -5.617464373079045
  },
  "topo_probs_raw": {
    "p_edge_add": -2.3733355608244753,
    "p_edge_remove": -11.553092481791918,
    "p_rewire": -9.904167912880082,
    "p_split": -3.1763825481750065,
    "p_merge": -1.3022685620818848
  },
  "topo_probs_sigmoid": {
    "p_edge_add": 0.08522872309953473,
    "p_edge_remove": 9.60619756561752e-06,
    "p_rewire": 4.996349707666047e-05,
    "p_split": 0.04006422659724396,
    "p_merge": 0.21378346924619582
  },
  "search_config": {
    "optimizer": "cmaes",
    "fitness_version": 3,
    "graph_type": "lattice_4d",
    "graph_size": 625,
    "evo_steps": 200,
    "max_generations": 500,
    "sigma0": 0.5
  }
}