{
  "best_params": [
    1.589410704594365,
    -2.518661112417182,
    9.546560540173259,
    -2.3130263901655135,
    -3.5534514503393066,
    1.2790743218122735,
    0.8489364486138921,
    -0.7862746903525054,
    0.28072720300186893,
    0.5902975684413349,
    -2.0226698963836496,
    -4.452399607784616,
    -1.9376215324913053,
    -12.56221522679125
  ],
  "generation": 394,
  "best_fitness": -0.8282903088535556
}