{
  "best_fitness": -0.8282903088535556,
  "best_params": [
    1.589410704594365,
    -2.518661112417182,
    9.546560540173259,
    -2.3130263901655135,
    -3.5534514503393066,
    1.2790743218122735,
    0.8489364486138921,
    -0.7862746903525054,
    0.28072720300186893,
    0.5902975684413349,
    -2.0226698963836496,
    -4.452399607784616,
    -1.9376215324913053,
    -12.56221522679125
  ],
  "fitness_history": [
    -12.773454563745442,
    -10.34513855690405,
    -3.307847325852637,
    -1.7241485039795774,
    -1.7241485039795774,
    -1.7241485039795774,
    -1.5122721390035587,
    -1.5122721390035587,
    -1.4193167971079705,
    -1.2397985721477376,
    -1.2397985721477376,
    -1.2397985721477376,
    -1.2397985721477376,
    -1.2397985721477376,
    -1.2397985721477376,
    -1.2397985721477376,
    -1.2397985721477376,
    -1.2397985721477376,
    -1.2397985721477376,
    -1.2397985721477376,
    -1.2397985721477376,
    -1.2397985721477376,
    -1.2397985721477376,
    -1.2397985721477376,
    -1.2397985721477376,
    -1.2397985721477376,
    -1.2397985721477376,
    -1.2397985721477376,
    -1.2397985721477376,
    -1.2397985721477376,
    -1.2397985721477376,
    -1.2397985721477376,
    -1.2397985721477376,
    -1.2397985721477376,
    -1.2397985721477376,
    -1.2397985721477376,
    -1.2397985721477376,
    -1.2397985721477376,
    -1.2397985721477376,
    -1.2397985721477376,
    -1.2397985721477376,
    -1.2397985721477376,
    -1.2397985721477376,
    -1.2397985721477376,
    -1.2397985721477376,
    -1.2397985721477376,
    -1.2397985721477376,
    -1.2397985721477376,
    -1.2397985721477376,
    -1.2397985721477376,
    -1.2397985721477376,
    -1.2397985721477376,
    -1.2397985721477376,
    -1.2397985721477376,
    -1.2397985721477376,
    -1.2397985721477376,
    -1.2397985721477376,
    -1.2397985721477376,
    -1.2397985721477376,
    -1.2397985721477376,
    -1.2397985721477376,
    -1.2397985721477376,
    -1.2397985721477376,
    -1.2397985721477376,
    -1.2397985721477376,
    -1.2397985721477376,
    -1.2397985721477376,
    -1.2397985721477376,
    -1.2397985721477376,
    -1.2397985721477376,
    -1.2397985721477376,
    -1.2397985721477376,
    -1.2397985721477376,
    -1.2397985721477376,
    -1.2397985721477376,
    -1.2397985721477376,
    -1.2397985721477376,
    -1.2397985721477376,
    -1.2397985721477376,
    -1.2397985721477376,
    -1.2397985721477376,
    -1.2397985721477376,
    -1.2397985721477376,
    -1.2397985721477376,
    -1.2397985721477376,
    -1.2397985721477376,
    -1.2397985721477376,
    -1.2397985721477376,
    -1.2397985721477376,
    -1.2397985721477376,
    -1.2397985721477376,
    -1.2397985721477376,
    -1.2397985721477376,
    -1.2397985721477376,
    -1.2397985721477376,
    -1.2397985721477376,
    -1.2397985721477376,
    -1.2397985721477376,
    -1.2397985721477376,
    -1.2397985721477376,
    -1.2397985721477376,
    -1.2397985721477376,
    -1.2397985721477376,
    -1.2397985721477376,
    -1.2397985721477376,
    -1.2397985721477376,
    -1.2397985721477376,
    -1.2397985721477376,
    -1.2397985721477376,
    -1.2397985721477376,
    -1.2397985721477376,
    -1.2397985721477376,
    -1.2397985721477376,
    -1.2397985721477376,
    -1.2397985721477376,
    -1.2397985721477376,
    -1.2397985721477376,
    -1.2397985721477376,
    -1.2397985721477376,
    -1.2397985721477376,
    -1.2397985721477376,
    -1.2397985721477376,
    -1.2397985721477376,
    -1.2397985721477376,
    -1.2397985721477376,
    -1.2397985721477376,
    -1.2397985721477376,
    -1.2397985721477376,
    -1.2397985721477376,
    -1.2397985721477376,
    -1.2397985721477376,
    -1.2397985721477376,
    -1.2397985721477376,
    -1.2397985721477376,
    -1.2397985721477376,
    -1.2397985721477376,
    -1.2397985721477376,
    -1.2397985721477376,
    -1.2397985721477376,
    -1.2397985721477376,
    -1.2397985721477376,
    -1.212844305834559,
    -1.212844305834559,
    -1.212844305834559,
    -1.212844305834559,
    -1.1292795697872415,
    -1.1292795697872415,
    -1.1292795697872415,
    -1.1292795697872415,
    -1.1292795697872415,
    -1.1292795697872415,
    -1.1292795697872415,
    -1.1292795697872415,
    -1.1292795697872415,
    -1.1287082903056833,
    -1.1287082903056833,
    -1.1287082903056833,
    -1.1287082903056833,
    -1.1287082903056833,
    -1.1287082903056833,
    -1.1287082903056833,
    -0.9467780938530738,
    -0.9467780938530738,
    -0.9467780938530738,
    -0.9467780938530738,
    -0.9467780938530738,
    -0.9467780938530738,
    -0.9467780938530738,
    -0.9467780938530738,
    -0.9467780938530738,
    -0.9467780938530738,
    -0.9467780938530738,
    -0.9467780938530738,
    -0.9467780938530738,
    -0.9467780938530738,
    -0.9467780938530738,
    -0.9467780938530738,
    -0.9467780938530738,
    -0.9467780938530738,
    -0.9467780938530738,
    -0.9467780938530738,
    -0.9467780938530738,
    -0.9467780938530738,
    -0.9467780938530738,
    -0.9467780938530738,
    -0.9467780938530738,
    -0.9467780938530738,
    -0.9467780938530738,
    -0.9467780938530738,
    -0.9467780938530738,
    -0.9467780938530738,
    -0.9467780938530738,
    -0.9467780938530738,
    -0.9467780938530738,
    -0.9467780938530738,
    -0.9467780938530738,
    -0.9467780938530738,
    -0.9467780938530738,
    -0.9467780938530738,
    -0.9467780938530738,
    -0.9467780938530738,
    -0.9467780938530738,
    -0.9467780938530738,
    -0.9467780938530738,
    -0.9467780938530738,
    -0.9467780938530738,
    -0.9467780938530738,
    -0.9467780938530738,
    -0.9467780938530738,
    -0.9467780938530738,
    -0.9467780938530738,
    -0.9467780938530738,
    -0.9467780938530738,
    -0.9467780938530738,
    -0.9467780938530738,
    -0.9467780938530738,
    -0.9467780938530738,
    -0.9467780938530738,
    -0.9467780938530738,
    -0.9467780938530738,
    -0.9467780938530738,
    -0.9200638397099572,
    -0.9200638397099572,
    -0.9200638397099572,
    -0.9200638397099572,
    -0.9200638397099572,
    -0.9200638397099572,
    -0.9200638397099572,
    -0.9200638397099572,
    -0.9200638397099572,
    -0.9200638397099572,
    -0.9200638397099572,
    -0.9200638397099572,
    -0.9200638397099572,
    -0.9200638397099572,
    -0.9200638397099572,
    -0.9200638397099572,
    -0.9200638397099572,
    -0.9200638397099572,
    -0.9200638397099572,
    -0.9200638397099572,
    -0.9200638397099572,
    -0.9200638397099572,
    -0.9200638397099572,
    -0.9200638397099572,
    -0.9200638397099572,
    -0.9200638397099572,
    -0.9200638397099572,
    -0.9200638397099572,
    -0.9200638397099572,
    -0.9200638397099572,
    -0.9200638397099572,
    -0.9200638397099572,
    -0.9200638397099572,
    -0.9200638397099572,
    -0.9200638397099572,
    -0.9200638397099572,
    -0.9200638397099572,
    -0.9200638397099572,
    -0.9200638397099572,
    -0.9200638397099572,
    -0.9200638397099572,
    -0.9200638397099572,
    -0.9200638397099572,
    -0.9200638397099572,
    -0.9200638397099572,
    -0.9200638397099572,
    -0.9200638397099572,
    -0.9200638397099572,
    -0.9200638397099572,
    -0.9200638397099572,
    -0.9200638397099572,
    -0.9200638397099572,
    -0.9200638397099572,
    -0.9200638397099572,
    -0.9200638397099572,
    -0.9200638397099572,
    -0.9200638397099572,
    -0.9200638397099572,
    -0.9200638397099572,
    -0.8414311430443283,
    -0.8414311430443283,
    -0.8414311430443283,
    -0.8414311430443283,
    -0.8414311430443283,
    -0.8414311430443283,
    -0.8414311430443283,
    -0.8414311430443283,
    -0.8414311430443283,
    -0.8414311430443283,
    -0.8414311430443283,
    -0.8414311430443283,
    -0.8414311430443283,
    -0.8414311430443283,
    -0.8414311430443283,
    -0.8414311430443283,
    -0.8414311430443283,
    -0.8414311430443283,
    -0.8414311430443283,
    -0.8414311430443283,
    -0.8414311430443283,
    -0.8414311430443283,
    -0.8414311430443283,
