{
  "L": 4,
  "M": 768,
  "N": 256,
  "avg_degree": 6.0,
  "curvature_samples": 500,
  "cv_degree": 0.16666666666666666,
  "d_H": 2.401502592527917,
  "d_s": 0.04178119823336601,
  "d_s_error": 0.9892943501472473,
  "graph_type": "lattice_4d",
  "hausdorff_sources": 50,
  "mean_curvature": 0.020081724882125854,
  "n_components": 1,
  "spectral_steps": 1000,
  "spectral_walkers": 10000,
  "std_curvature": 0.016261568031512776
}
