{
  "L": 5,
  "M": 2000,
  "N": 625,
  "avg_degree": 6.4,
  "curvature_samples": 500,
  "cv_degree": 0.15309310892394906,
  "d_H": 2.6443604504255918,
  "d_s": 0.04745309427380562,
  "d_s_error": 0.9939159154891968,
  "graph_type": "lattice_4d",
  "hausdorff_sources": 50,
  "mean_curvature": 0.014142785429954528,
  "n_components": 1,
  "spectral_steps": 1000,
  "spectral_walkers": 10000,
  "std_curvature": 0.015052603867524605
}
