{
  "L": 6,
  "M": 4320,
  "N": 1296,
  "avg_degree": 6.666666666666667,
  "curvature_samples": 500,
  "cv_degree": 0.14142135623730934,
  "d_H": 2.7987606106982015,
  "d_s": 0.16836479306221008,
  "d_s_error": 0.961870014667511,
  "graph_type": "lattice_4d",
  "hausdorff_sources": 50,
  "mean_curvature": 0.011161548852920531,
  "n_components": 1,
  "spectral_steps": 1000,
  "spectral_walkers": 10000,
  "std_curvature": 0.013531345551384433
}
