{
  "L": 8,
  "M": 14336,
  "N": 4096,
  "avg_degree": 7.0,
  "curvature_samples": 500,
  "cv_degree": 0.12371791482634838,
  "d_H": 2.9832178476019307,
  "d_s": 2.7673025131225586,
  "d_s_error": 0.50318443775177,
  "graph_type": "lattice_4d",
  "hausdorff_sources": 50,
  "mean_curvature": 0.0066342238187789915,
  "n_components": 1,
  "spectral_steps": 1000,
  "spectral_walkers": 10000,
  "std_curvature": 0.010868178983956336
}
