{
  "L": 10,
  "M": 2700,
  "N": 1000,
  "avg_degree": 5.4,
  "curvature_samples": 500,
  "cv_degree": 0.12830005981991807,
  "d_H": 2.4625847982734856,
  "d_s": 0.6267555356025696,
  "d_s_error": 0.6082980036735535,
  "graph_type": "lattice_3d",
  "hausdorff_sources": 50,
  "mean_curvature": 0.009134652018547058,
  "n_components": 1,
  "spectral_steps": 1000,
  "spectral_walkers": 10000,
  "std_curvature": 0.018194122679363874
}
