{
  "L": 11,
  "M": 3630,
  "N": 1331,
  "avg_degree": 5.454545454545454,
  "curvature_samples": 500,
  "cv_degree": 0.12247448713915908,
  "d_H": 2.4547597831376926,
  "d_s": 0.7907599210739136,
  "d_s_error": 0.5917094945907593,
  "graph_type": "lattice_3d",
  "hausdorff_sources": 50,
  "mean_curvature": 0.008634816527366638,
  "n_components": 1,
  "spectral_steps": 1000,
  "spectral_walkers": 10000,
  "std_curvature": 0.017173009204686562
}
