{
  "L": 5,
  "M": 300,
  "N": 125,
  "avg_degree": 4.8,
  "curvature_samples": 300,
  "cv_degree": 0.17677669529663692,
  "d_H": 1.995062002551281,
  "d_s": 0.006945753004401922,
  "d_s_error": 0.9993224740028381,
  "graph_type": "lattice_3d",
  "hausdorff_sources": 50,
  "mean_curvature": 0.024667567014694212,
  "n_components": 1,
  "spectral_steps": 1000,
  "spectral_walkers": 10000,
  "std_curvature": 0.027333277486388693
}
