{
  "L": 6,
  "M": 540,
  "N": 216,
  "avg_degree": 5.0,
  "curvature_samples": 500,
  "cv_degree": 0.16329931618554522,
  "d_H": 2.063967118177974,
  "d_s": 0.07237023860216141,
  "d_s_error": 0.9656076431274414,
  "graph_type": "lattice_3d",
  "hausdorff_sources": 50,
  "mean_curvature": 0.018567699790000915,
  "n_components": 1,
  "spectral_steps": 1000,
  "spectral_walkers": 10000,
  "std_curvature": 0.024815963002821066
}
