{
  "L": 7,
  "M": 882,
  "N": 343,
  "avg_degree": 5.142857142857143,
  "curvature_samples": 500,
  "cv_degree": 0.15214515486254596,
  "d_H": 2.2434165545812927,
  "d_s": 0.092838816344738,
  "d_s_error": 0.9620215892791748,
  "graph_type": "lattice_3d",
  "hausdorff_sources": 50,
  "mean_curvature": 0.014634452104568482,
  "n_components": 1,
  "spectral_steps": 1000,
  "spectral_walkers": 10000,
  "std_curvature": 0.021877914023028796
}
