{
  "L": 8,
  "M": 1344,
  "N": 512,
  "avg_degree": 5.25,
  "curvature_samples": 500,
  "cv_degree": 0.14285714285714285,
  "d_H": 2.271126168487507,
  "d_s": 0.2536044418811798,
  "d_s_error": 0.8273469805717468,
  "graph_type": "lattice_3d",
  "hausdorff_sources": 50,
  "mean_curvature": 0.011801226139068604,
  "n_components": 1,
  "spectral_steps": 1000,
  "spectral_walkers": 10000,
  "std_curvature": 0.020184787347751827
}
