{
  "best_params": [
    1.897994583917126,
    -8.786959558154463,
    -1.8806765566633148,
    -0.861802272986198,
    -0.058913157784658214,
    3.318500743447708,
    -2.863643656160519,
    1.383263661559461,
    -3.009178717421966,
    1.136481253237325,
    0.07636367243792809,
    4.106042578416067,
    -2.3893446935573195,
    -1.3630234470308435
  ],
  "best_fitness": -1.4056053008350833
}