{
  "best_fitness": -1.4056053008350833,
  "best_params": [
    1.897994583917126,
    -8.786959558154463,
    -1.8806765566633148,
    -0.861802272986198,
    -0.058913157784658214,
    3.318500743447708,
    -2.863643656160519,
    1.383263661559461,
    -3.009178717421966,
    1.136481253237325,
    0.07636367243792809,
    4.106042578416067,
    -2.3893446935573195,
    -1.3630234470308435
  ],
  "fitness_history": [
    -98.61992155344602,
    -77.2045796086231,
    -76.65089579145004,
    -18.630653125026814,
    -6.104520620554441,
    -7.059598520295197,
    -3.0590974880819646,
    -3.2120968342261027,
    -4.049074545152146,
    -3.7912497610808,
    -3.0103056746894756,
    -4.2033136251709875,
    -2.2454198532073906,
    -2.952628927338452,
    -2.172804203650669,
    -3.108630437783309,
    -2.7211853648868805,
    -2.4379362977077883,
    -3.2561489078622103,
    -3.741360249630309,
    -4.196852851099566,
    -3.026788072728069,
    -4.615771165791125,
    -2.561085693123591,
    -2.693828859991827,
    -3.7593843164490734,
    -2.7985706462379305,
    -2.5441694225323626,
    -4.280004528887945,
    -4.976911398361759,
    -4.37249488938378,
    -4.517725149442178,
    -4.643191301907379,
    -4.4446109633468875,
    -4.63577964549199,
    -4.175837742994399,
    -4.507998430766636,
    -3.940190972928226,
    -4.7304176546525865,
    -4.583221785805359,
    -4.291521873725734,
    -4.56938444414159,
    -4.025960203239725,
    -4.557947673133615,
    -4.60088951272003,
    -5.448289396859272,
    -4.833160142424166,
    -4.29095255795629,
    -4.785401284152031,
    -4.363992965597119,
    -4.278094404646115,
    -4.631654322604212,
    -4.559521143703279,
    -4.739308678906069,
    -4.92702006176695,
    -4.398189705613857,
    -4.474340263884689,
    -4.403964287212901,
    -4.434731480652976,
    -4.1615301970897995,
    -4.9951191928954275,
    -4.6340772114297195,
    -4.043667184890937,
    -4.416382138348966,
    -4.267014897747625,
    -4.558257465329954,
    -4.660037222970623,
    -4.724653337985242,
    -4.219413603143504,
    -3.435944875340136,
    -4.148414648875641,
    -4.072441264924017,
    -4.197674422601434,
    -4.205747458302304,
    -3.5525844216995237,
    -4.219296414176978,
    -4.137472993545457,
    -4.5350940922367595,
    -4.097956459812771,
    -3.9217432869235354,
    -3.8221779167323513,
    -3.6772802193160223,
    -4.082789129997711,
    -4.155052565006007,
    -3.9274799604331094,
    -4.206995005948738,
    -4.7083428626789,
    -4.00507883321332,
    -4.455241394161085,
    -3.9199947911667814,
    -4.13375389387784,
    -4.478855946637105,
    -4.207877655492413,
    -4.060629734568923,
    -4.4815003630148516,
    -3.0030267241226967,
    -2.712925048898807,
    -2.359700420437977,
    -2.934637380158555,
    -3.738710208662366,
    -2.77965855276781,
    -3.312083173472978,
    -2.466497336803502,
    -1.6860652995478647,
    -3.2881777497447073,
    -2.8402509821949953,
    -2.6604410822472384,
    -3.062262697951494,
    -2.31380598693986,
    -2.034654667375161,
    -2.797330856901226,
    -2.9329173768390193,
    -3.5033695541635432,
    -2.9795049832163527,
    -3.1925517818420994,
    -3.2865623276144897,
    -3.3412340693334306,
    -2.412079259640221,
    -2.4118780270385343,
    -2.9253568253995086,
    -2.6482183595038684,
    -2.429319432760875,
    -2.178572435372724,
    -2.480574473565221,
    -2.78717853501798,
    -3.4013508374343577,
    -2.6094354621148423,
    -2.5271867602655678,
    -2.9154180231447295,
    -3.1311145905487394,
    -3.6154216403495214,
    -2.798573365459969,
    -2.695580825040013,
    -3.110997910405871,
    -3.6782327467775886,
    -2.2837633374032857,
    -2.231734091754567,
    -3.2165747980505954,
    -2.3767115732078716,
    -2.0437222510782425,
    -2.7985114293153184,
    -2.837403458238767,
    -3.1187167660540127,
    -2.8186709378717043,
    -3.0170090532617393,
    -2.579140863411853,
    -2.4874356876668413,
    -3.206575403551557,
    -3.3861750236814894,
    -3.276832443311069,
    -2.6366989887745276,
    -2.9177364922973124,
    -2.8495334396146683,
    -3.088651760723362,
    -3.1110717442439215,
    -2.9633288599893928,
    -2.7210925657127203,
    -3.8883075769569397,
    -3.4803816526306814,
    -3.043161199562417,
    -3.5772314613618303,
    -3.1554895220292862,
    -2.730103268929666,
    -3.2349905835666495,
    -2.853160337021888,
    -3.9698481104437993,
    -2.6639094501317535,
    -2.5402698431333413,
    -2.268689600229994,
    -2.59466094203097,
    -2.3971970682519026,
    -2.6680412185600746,
    -3.1730008307827084,
    -2.535559843581152,
    -2.7072186187073806,
    -3.2413673420443128,
    -2.671398369761626,
    -4.781146951721803,
    -4.89196121645644,
    -3.8144646452029396,
    -3.1145581729531018,
    -3.2820305176316498,
    -2.3155801599952484,
    -3.789561119500599,
    -2.803923555347853,
    -2.406907397670654,
    -2.386331758627923,
    -2.9343773196107654,
    -3.2408391729677746,
    -2.8501860239439702,
    -2.636570738275025,
    -2.417028956350491,
    -3.664852565102777,
    -2.1701702227745288,
    -2.4607687105214957,
    -2.776200374487115,
    -2.51809129558895,
    -1.4136187301267849,
    -3.0026197764522435,
    -1.8592882578735257,
    -1.4056053008350833,
    -2.454893392046596,
    -2.7161196384497264,
    -2.9056934426883934,
    -2.7311557401035653,
    -2.680304536688578,
    -3.927989508966795,
    -3.2742993283044868,
    -2.4003984088905024,
    -2.5398978940340537,
    -2.7094370945153856,
    -2.546094598346752,
    -2.617596775231477,
    -2.3282027270086316,
    -3.0920968620828626,
    -3.037780586061505,
    -2.6310798824792396,
    -2.7290654006889707,
    -4.903619236008997,
    -2.2756098238127973,
    -2.4836369110291003,
    -2.70334054931768,
    -2.475141568705027,
    -3.1000811101137726,
    -2.574439216084731,
    -3.1399666353448676,
    -2.660960040933272,
    -2.6534136254933,
    -2.707053404133389,
    -2.3933026114573965,
    -4.224381180649325,
    -4.26134258789982,
    -3.411587663476096,
    -2.9384003601144077,
    -2.996866811214895,
    -4.128493119019892,
    -4.253020634799199,
    -4.243472829913122,
    -4.516365908094528,
    -4.798597882836995,
    -4.869775962289614,
    -3.9769790767540125,
    -4.07782969250444,
    -4.459082369438127,
    -2.7356341908063198,
    -4.663659055105327,
    -4.078283346283268,
    -2.628575430087164,
    -4.83112845466338,
    -4.879834699186012,
    -4.122372318389028,
    -2.4771367997830858,
    -2.8121673177327997,
    -2.346960607142689,
    -2.835737631955737,
    -2.3828448876811956,
    -3.7185897746272167,
    -3.3571830953416706,
    -2.5848606318268503,
    -2.037549278904711,
    -3.320256780156922,
    -3.559785626439986,
    -2.3178170672215477,
    -3.8640993567136848,
    -3.795588629622924,
    -3.523499980593019,
    -2.9421564459126857,
    -4.4780561396309855,
    -2.767052482359572,
    -3.61694954165816,
    -3.1340143018289504,
    -2.8252902116747847,
    -2.6839492799945965,
    -2.4955934374729107,
    -4.280513781405784,
    -2.767530418053092,
    -3.035046544978057,
    -2.491634671489172,
    -2.8592929983435833,
    -2.530345814504819,
    -2.513047895475997,
    -3.352567958327605,
    -4.222101133977079,
    -2.7714189305539803,
    -2.6087015736069614,
    -2.362854691546695,
    -3.0882209433851266,
    -2.234706456286428,
    -3.2465827068983484,
    -1.8803725640607245,
    -2.1235725971461656,
    -3.181726178287768,
    -2.843589641099313,
    -3.3557517313898764,
    -1.9761412967871999,
    -3.0771514652291443,
    -3.2497107376613856,
    -2.499322090522429,
    -3.327199145911698,
    -3.252812560570885
  ],
  "generations": 300
}
