{
  "cv_degree": {
    "max": 0.12371791482634838,
    "mean": 0.12371791482634838,
    "median": 0.12371791482634838,
    "min": 0.12371791482634838,
    "n_valid": 20,
    "q25": 0.12371791482634838,
    "q75": 0.12371791482634838,
    "std_dev": 0.0,
    "std_err": 0.0
  },
  "d_H": {
    "max": 3.004650374348548,
    "mean": 2.963056917066636,
    "median": 2.9694369490399732,
    "min": 2.8425011037885914,
    "n_valid": 20,
    "q25": 2.9656997194618153,
    "q75": 2.987414445145614,
    "std_dev": 0.042213842538905665,
    "std_err": 0.009439302150846537
  },
  "d_s": {
    "max": 1.3653758548361805,
    "mean": 0.5582797918849327,
    "median": 0.5164443552494049,
    "min": 0.4682569205760956,
    "n_valid": 20,
    "q25": 0.49666738510131836,
    "q75": 0.534281849861145,
    "std_dev": 0.19151888842295536,
    "std_err": 0.04282492534889257
  },
  "f_curvature": {
    "max": -0.00012923683542878097,
    "mean": -0.0001541882135678233,
    "median": -0.00015442894391211228,
    "min": -0.00017773879285139254,
    "n_valid": 20,
    "q25": -0.0001616180277075959,
    "q75": -0.0001477832627588125,
    "std_dev": 1.437079050445442e-05,
    "std_err": 3.2134064458368575e-06
  },
  "f_hausdorff": {
    "max": -1.9814417545689713,
    "mean": -2.1538877306403106,
    "median": -2.1241283843346483,
    "min": -2.679607389461258,
    "n_valid": 20,
    "q25": -2.139554140642735,
    "q75": -2.05065901179953,
    "std_dev": 0.18265268470940632,
    "std_err": 0.040842381928306894
  },
  "f_regularity": {
    "max": -0.004591836734693877,
    "mean": -0.004591836734693877,
    "median": -0.004591836734693877,
    "min": -0.004591836734693877,
    "n_valid": 20,
    "q25": -0.004591836734693877,
    "q75": -0.004591836734693877,
    "std_dev": 0.0,
    "std_err": 0.0
  },
  "f_spectral": {
    "max": -2.6068834541642527,
    "mean": -5.818693730111123,
    "median": -6.046462872575769,
    "min": -6.338902013212241,
    "n_valid": 20,
    "q25": -6.107887356431224,
    "q75": -5.873542005961686,
    "std_dev": 0.8009754028295618,
    "std_err": 0.17910354490321775
  },
  "f_stability": {
    "max": -0.0,
    "mean": 0.0,
    "median": -0.0,
    "min": -0.0,
    "n_valid": 20,
    "q25": -0.0,
    "q75": -0.0,
    "std_dev": 0.0,
    "std_err": 0.0
  },
  "fitness_total": {
    "max": -4.692596952382576,
    "mean": -7.977327485699696,
    "median": -8.149323456400737,
    "min": -8.382399690516296,
    "n_valid": 20,
    "q25": -8.239637010930267,
    "q75": -8.060953329721396,
    "std_dev": 0.7834528141598206,
    "std_err": 0.17518537496248685
  },
  "mean_curvature": {
    "max": 0.0073702355225880945,
    "mean": 0.006544247895479203,
    "median": 0.006651647587617238,
    "min": 0.005635551611582438,
    "n_valid": 20,
    "q25": 0.006461129188537597,
    "q75": 0.006849983135859172,
    "std_dev": 0.0004724184173551125,
    "std_err": 0.0001056359695028898
  },
  "mean_degree": {
    "max": 7.0,
    "mean": 7.0,
    "median": 7.0,
    "min": 7.0,
    "n_valid": 20,
    "q25": 7.0,
    "q75": 7.0,
    "std_dev": 0.0,
    "std_err": 0.0
  },
  "n_aborted": 0,
  "n_connected": 20,
  "n_final": {
    "max": 4096.0,
    "mean": 4096.0,
    "median": 4096.0,
    "min": 4096.0,
    "n_valid": 20,
    "q25": 4096.0,
    "q75": 4096.0,
    "std_dev": 0.0,
    "std_err": 0.0
  },
  "n_total": 20,
  "runs": [
    {
      "aborted": false,
      "cv_degree": 0.12371791482634838,
      "d_H": 2.8425011037885914,
      "d_s": 0.5163683295249939,
      "is_connected": true,
      "mean_curvature": 0.006461129188537597,
      "mean_degree": 7.0,
      "n_final": 4096.0,
      "seed": 42,
      "std_curvature": 0.010824047252452361,
      "steps_completed": 0,
      "total": -8.095243398983992
    },
    {
      "aborted": false,
      "cv_degree": 0.12371791482634838,
      "d_H": 2.966742827229108,
      "d_s": 0.4682569205760956,
      "is_connected": true,
      "mean_curvature": 0.006139606237411499,
      "mean_degree": 7.0,
      "n_final": 4096.0,
      "seed": 1000045,
      "std_curvature": 0.010244720640885063,
      "steps_completed": 0,
      "total": -8.382399690516296
    },
    {
      "aborted": false,
      "cv_degree": 0.12371791482634838,
      "d_H": 3.004650374348548,
      "d_s": 0.48693275451660156,
      "is_connected": true,
      "mean_curvature": 0.006794546047846476,
      "mean_degree": 7.0,
      "n_final": 4096.0,
      "seed": 2000048,
      "std_curvature": 0.011103064878402642,
      "steps_completed": 0,
      "total": -8.32509731183717
    },
    {
      "aborted": false,
      "cv_degree": 0.12371791482634838,
      "d_H": 2.994109783947936,
      "d_s": 0.5071806907653809,
      "is_connected": true,
      "mean_curvature": 0.00685398002465566,
      "mean_degree": 7.0,
      "n_final": 4096.0,
      "seed": 3000051,
      "std_curvature": 0.010769361282317784,
      "steps_completed": 0,
      "total": -8.213195854671124
    },
    {
      "aborted": false,
      "cv_degree": 0.12371791482634838,
      "d_H": 2.966735145653363,
      "d_s": 0.5133628249168396,
      "is_connected": true,
      "mean_curvature": 0.006758568485577901,
      "mean_degree": 7.0,
      "n_final": 4096.0,
      "seed": 4000054,
      "std_curvature": 0.011762302603162406,
      "steps_completed": 0,
      "total": -8.15907238054062
    },
    {
      "aborted": false,
      "cv_degree": 0.12371791482634838,
      "d_H": 2.987414445145614,
      "d_s": 0.5165203809738159,
      "is_connected": true,
      "mean_curvature": 0.006548565626144409,
      "mean_degree": 7.0,
      "n_final": 4096.0,
      "seed": 5000057,
      "std_curvature": 0.010825071967935869,
      "steps_completed": 0,
      "total": -8.160720537098621
    },
    {
      "aborted": false,
      "cv_degree": 0.12371791482634838,
      "d_H": 2.9576112249487645,
      "d_s": 0.5321108102798462,
      "is_connected": true,
      "mean_curvature": 0.006849983135859172,
      "mean_degree": 7.0,
      "n_final": 4096.0,
      "seed": 6000060,
      "std_curvature": 0.010962440028637587,
      "steps_completed": 0,
      "total": -8.060953329721396
    },
    {
      "aborted": false,
      "cv_degree": 0.12371791482634838,
      "d_H": 2.967439409732341,
      "d_s": 0.5313419699668884,
      "is_connected": true,
      "mean_curvature": 0.0057863593101501465,
      "mean_degree": 7.0,
      "n_final": 4096.0,
      "seed": 7000063,
      "std_curvature": 0.010264106022415464,
      "steps_completed": 0,
      "total": -8.071654554749708
    },
    {
      "aborted": false,
      "cv_degree": 0.12371791482634838,
      "d_H": 2.9714344883476054,
      "d_s": 0.4910742938518524,
      "is_connected": true,
      "mean_curvature": 0.006643728613853455,
      "mean_degree": 7.0,
      "n_final": 4096.0,
      "seed": 8000066,
      "std_curvature": 0.010800859351398465,
      "steps_completed": 0,
      "total": -8.272826257312097
    },
    {
      "aborted": false,
      "cv_degree": 0.12371791482634838,
      "d_H": 2.9752438577330533,
      "d_s": 0.5286615490913391,
      "is_connected": true,
      "mean_curvature": 0.005651246706644694,
      "mean_degree": 7.0,
      "n_final": 4096.0,
      "seed": 9000069,
      "std_curvature": 0.010585822699526059,
      "steps_completed": 0,
      "total": -8.090739081536661
    },
    {
      "aborted": false,
      "cv_degree": 0.12371791482634838,
      "d_H": 2.957590798019168,
      "d_s": 0.49554571509361267,
      "is_connected": true,
      "mean_curvature": 0.006715245048205058,
      "mean_degree": 7.0,
      "n_final": 4096.0,
      "seed": 10000072,
      "std_curvature": 0.011193822916914613,
      "steps_completed": 0,
      "total": -8.239653333868937
    },
    {
      "aborted": false,
      "cv_degree": 0.12371791482634838,
      "d_H": 2.9788589580185225,
      "d_s": 0.5074449181556702,
      "is_connected": true,
      "mean_curvature": 0.006659566561381022,
      "mean_degree": 7.0,
      "n_final": 4096.0,