{
  "cv_degree": {
    "max": 0.13176156917368217,
    "mean": 0.13176156917368215,
    "median": 0.13176156917368217,
    "min": 0.13176156917368217,
    "n_valid": 20,
    "q25": 0.13176156917368217,
    "q75": 0.13176156917368217,
    "std_dev": 2.8476619731297836e-17,
    "std_err": 6.367565748859375e-18
  },
  "d_H": {
    "max": 2.976344672835389,
    "mean": 2.9510917289566816,
    "median": 2.9498331338243013,
    "min": 2.9325640398282014,
    "n_valid": 20,
    "q25": 2.941285979842422,
    "q75": 2.9580009432027095,
    "std_dev": 0.01230758575369693,
    "std_err": 0.002752059838417432
  },
  "d_s": {
    "max": 1.408836298184191,
    "mean": 0.971582541736361,
    "median": 1.168638013059442,
    "min": 0.5350985527038574,
    "n_valid": 20,
    "q25": 0.5643041729927063,
    "q75": 1.2595725259255945,
    "std_dev": 0.3523489118992878,
    "std_err": 0.0787876118804892
  },
  "f_curvature": {
    "max": -0.00017020396230447735,
    "mean": -0.00020732196306995172,
    "median": -0.0001993487238520075,
    "min": -0.00026307169933791356,
    "n_valid": 20,
    "q25": -0.00022049372313033867,
    "q75": -0.00019060564198752786,
    "std_dev": 2.6616989342891056e-05,
    "std_err": 5.9517397527091854e-06
  },
  "f_hausdorff": {
    "max": -2.095740457664974,
    "mean": -2.2007049277936295,
    "median": -2.2057009127667713,
    "min": -2.2788390581357794,
    "n_valid": 20,
    "q25": -2.241750752956441,
    "q75": -2.1715240687328863,
    "std_dev": 0.051510193234627515,
    "std_err": 0.01151802936067769
  },
  "f_regularity": {
    "max": -0.00520833333333331,
    "mean": -0.0052083333333333105,
    "median": -0.00520833333333331,
    "min": -0.00520833333333331,
    "n_valid": 20,
    "q25": -0.00520833333333331,
    "q75": -0.00520833333333331,
    "std_dev": 8.898943666030574e-19,
    "std_err": 1.9898642965185547e-19
  },
  "f_spectral": {
    "max": -2.4213335859929814,
    "mean": -4.033166934608086,
    "median": -3.2106365885920796,
    "min": -5.8314155587134655,
    "n_valid": 20,
    "q25": -5.684225354178145,
    "q75": -2.851338412172191,
    "std_dev": 1.4151068112977736,
    "std_err": 0.3164275025484789
  },
  "f_stability": {
    "max": -0.0,
    "mean": 0.0,
    "median": -0.0,
    "min": -0.0,
    "n_valid": 20,
    "q25": -0.0,
    "q75": -0.0,
    "std_dev": 0.0,
    "std_err": 0.0
  },
  "fitness_total": {
    "max": -4.569597420531063,
    "mean": -6.239292017895558,
    "median": -5.3840352777827425,
    "min": -8.042140619978234,
    "n_valid": 20,
    "q25": -7.901139994676503,
    "q75": -5.063058897643916,
    "std_dev": 1.4350404395321157,
    "std_err": 0.3208847973254987
  },
  "mean_curvature": {
    "max": 0.00959673305352529,
    "mean": 0.008166535198688504,
    "median": 0.008100685477256776,
    "min": 0.006882038911183675,
    "n_valid": 20,
    "q25": 0.007683293422063192,
    "q75": 0.008715639114379883,
    "std_dev": 0.0007491968722848348,
    "std_err": 0.00016752551349591188
  },
  "mean_degree": {
    "max": 6.857142857142857,
    "mean": 6.8571428571428585,
    "median": 6.857142857142857,
    "min": 6.857142857142857,
    "n_valid": 20,
    "q25": 6.857142857142857,
    "q75": 6.857142857142857,
    "std_dev": 1.8225036628030615e-15,
    "std_err": 4.07524207927e-16
  },
  "n_aborted": 0,
  "n_connected": 20,
  "n_final": {
    "max": 2401.0,
    "mean": 2401.0,
    "median": 2401.0,
    "min": 2401.0,
    "n_valid": 20,
    "q25": 2401.0,
    "q75": 2401.0,
    "std_dev": 0.0,
    "std_err": 0.0
  },
  "n_total": 20,
  "runs": [
    {
      "aborted": false,
      "cv_degree": 0.13176156917368217,
      "d_H": 2.938587925504318,
      "d_s": 0.5502135753631592,
      "is_connected": true,
      "mean_curvature": 0.0076718356211980185,
      "mean_degree": 6.857142857142857,
      "n_final": 2401.0,
      "seed": 42,
      "std_curvature": 0.011268476221658077,
      "steps_completed": 0,
      "total": -7.962915073025957
    },
    {
      "aborted": false,
      "cv_degree": 0.13176156917368217,
      "d_H": 2.949930960701039,
      "d_s": 0.5350985527038574,
      "is_connected": true,
      "mean_curvature": 0.008715639114379883,
      "mean_degree": 6.857142857142857,
      "n_final": 2401.0,
      "seed": 1000045,
      "std_curvature": 0.012264300234994066,
      "steps_completed": 0,
      "total": -8.042140619978234
    },
    {
      "aborted": false,
      "cv_degree": 0.13176156917368217,
      "d_H": 2.93805545748872,
      "d_s": 1.1219556514839004,
      "is_connected": true,
      "mean_curvature": 0.008056885997454325,
      "mean_degree": 6.857142857142857,
      "n_final": 2401.0,
      "seed": 2000048,
      "std_curvature": 0.011518654041261468,
      "steps_completed": 0,
      "total": -5.559076708148591
    },
    {
      "aborted": false,
      "cv_degree": 0.13176156917368217,
      "d_H": 2.954938824286241,
      "d_s": 1.1790240613716887,
      "is_connected": true,
      "mean_curvature": 0.006882038911183675,
      "mean_degree": 6.857142857142857,
      "n_final": 2401.0,
      "seed": 3000051,
      "std_curvature": 0.011498421511489193,
      "steps_completed": 0,
      "total": -5.343557504401937
    },
    {
      "aborted": false,
      "cv_degree": 0.13176156917368217,
      "d_H": 2.9484655253718075,
      "d_s": 0.5643041729927063,
      "is_connected": true,
      "mean_curvature": 0.00959673305352529,
      "mean_degree": 6.857142857142857,
      "n_final": 2401.0,
      "seed": 4000054,
      "std_curvature": 0.012578212586075395,
      "steps_completed": 0,
      "total": -7.901139994676503
    },
    {
      "aborted": false,
      "cv_degree": 0.13176156917368217,
      "d_H": 2.9325640398282014,
      "d_s": 1.1742551163703399,
      "is_connected": true,
      "mean_curvature": 0.008541048963864645,
      "mean_degree": 6.857142857142857,
      "n_final": 2401.0,
      "seed": 5000057,
      "std_curvature": 0.012169330139090849,
      "steps_completed": 0,
      "total": -5.375990729901065
    },
    {
      "aborted": false,
      "cv_degree": 0.13176156917368217,
      "d_H": 2.9574357036733323,
      "d_s": 0.5558490753173828,
      "is_connected": true,
      "mean_curvature": 0.008144484957059224,
      "mean_degree": 6.857142857142857,
      "n_final": 2401.0,
      "seed": 6000060,
      "std_curvature": 0.011630282042253654,
      "steps_completed": 0,
      "total": -7.94690823732978
    },
    {
      "aborted": false,
      "cv_degree": 0.13176156917368217,
      "d_H": 2.941285979842422,
      "d_s": 0.5850031971931458,
      "is_connected": true,
      "mean_curvature": 0.009386265277862548,
      "mean_degree": 6.857142857142857,
      "n_final": 2401.0,
      "seed": 7000063,
      "std_curvature": 0.012573126715332566,
      "steps_completed": 0,
      "total": -7.799278353699539
    },
    {
      "aborted": false,
      "cv_degree": 0.13176156917368217,
      "d_H": 2.938596159924681,
      "d_s": 1.2500055013658369,
      "is_connected": true,
      "mean_curvature": 0.007747222979863484,
      "mean_degree": 6.857142857142857,
      "n_final": 2401.0,
      "seed": 8000066,
      "std_curvature": 0.011636385882346237,
      "steps_completed": 0,
      "total": -5.109894552261943
    },
    {
      "aborted": false,
      "cv_degree": 0.13176156917368217,
      "d_H": 2.956133619844776,
      "d_s": 1.2595725259255945,
      "is_connected": true,
      "mean_curvature": 0.008533161481221517,
      "mean_degree": 6.857142857142857,
      "n_final": 2401.0,
      "seed": 9000069,
      "std_curvature": 0.011986514995066101,
      "steps_completed": 0,
      "total": -5.063058897643916
    },
    {
      "aborted": false,
      "cv_degree": 0.13176156917368217,
      "d_H": 2.970615978353875,
      "d_s": 1.1630209097485444,
      "is_connected": true,
      "mean_curvature": 0.008302836020787557,
      "mean_degree": 6.857142857142857,
      "n_final": 2401.0,
      "seed": 10000072,