{
  "cv_degree": {
    "max": 0.15309310892394906,
    "mean": 0.1530931089239491,
    "median": 0.15309310892394906,
    "min": 0.15309310892394906,
    "n_valid": 20,
    "q25": 0.15309310892394906,
    "q75": 0.15309310892394906,
    "std_dev": 2.8476619731297836e-17,
    "std_err": 6.367565748859375e-18
  },
  "d_H": {
    "max": 2.8681298148791603,
    "mean": 2.8014229129850223,
    "median": 2.85059815056327,
    "min": 2.6320254152173153,
    "n_valid": 20,
    "q25": 2.844962549131473,
    "q75": 2.86009733442914,
    "std_dev": 0.09512360256771979,
    "std_err": 0.0212702841606095
  },
  "d_s": {
    "max": 1.2488665931021168,
    "mean": 1.1245834033947077,
    "median": 1.142640640257012,
    "min": 0.8551200698385485,
    "n_valid": 20,
    "q25": 1.0926017652470716,
    "q75": 1.1650511044255238,
    "std_dev": 0.08602261872078865,
    "std_err": 0.01923524230622294
  },
  "f_curvature": {
    "max": -0.0003468219386413712,
    "mean": -0.0004364186607641045,
    "median": -0.000445982633252848,
    "min": -0.0004981783796215591,
    "n_valid": 20,
    "q25": -0.0004692653096189162,
    "q75": -0.0003951244974381774,
    "std_dev": 4.4847511656296995e-05,
    "std_err": 1.0028208468519426e-05
  },
  "f_hausdorff": {
    "max": -2.562260231930968,
    "mean": -2.8903662165889954,
    "median": -2.642250179006062,
    "min": -3.7427089292227174,
    "n_valid": 20,
    "q25": -2.66822302581773,
    "q75": -2.5987561739511036,
    "std_dev": 0.4762928131237131,
    "std_err": 0.10650231073392263
  },
  "f_regularity": {
    "max": -0.007031250000000039,
    "mean": -0.007031250000000042,
    "median": -0.007031250000000039,
    "min": -0.007031250000000039,
    "n_valid": 20,
    "q25": -0.007031250000000039,
    "q75": -0.007031250000000039,
    "std_dev": 2.6696830998091723e-18,
    "std_err": 5.969592889555665e-19
  },
  "f_spectral": {
    "max": -2.1580864557737045,
    "mean": -2.8269157813265684,
    "median": -2.8729651153652123,
    "min": -3.9659498395222945,
    "n_valid": 20,
    "q25": -3.023169802619494,
    "q75": -2.554719470360641,
    "std_dev": 0.4294518135761237,
    "std_err": 0.09602834482167796
  },
  "f_stability": {
    "max": -0.0,
    "mean": 0.0,
    "median": -0.0,
    "min": -0.0,
    "n_valid": 20,
    "q25": -0.0,
    "q75": -0.0,
    "std_dev": 0.0,
    "std_err": 0.0
  },
  "fitness_total": {
    "max": -5.21895903927068,
    "mean": -5.7491218236184425,
    "median": -5.67895104564246,
    "min": -6.634534552789559,
    "n_valid": 20,
    "q25": -5.984176974223508,
    "q75": -5.512977288757393,
    "std_dev": 0.37376107173073414,
    "std_err": 0.08357551637330965
  },
  "mean_curvature": {
    "max": 0.014673038721084594,
    "mean": 0.01347419743736585,
    "median": 0.013661072353521982,
    "min": 0.011628967920939128,
    "n_valid": 20,
    "q25": 0.012720449765523275,
    "q75": 0.014252767562866211,
    "std_dev": 0.0009492133343670323,
    "std_err": 0.00021225055407939213
  },
  "mean_degree": {
    "max": 6.4,
    "mean": 6.400000000000001,
    "median": 6.4,
    "min": 6.4,
    "n_valid": 20,
    "q25": 6.4,
    "q75": 6.4,
    "std_dev": 9.112518314015307e-16,
    "std_err": 2.037621039635e-16
  },
  "n_aborted": 0,
  "n_connected": 20,
  "n_final": {
    "max": 625.0,
    "mean": 625.0,
    "median": 625.0,
    "min": 625.0,
    "n_valid": 20,
    "q25": 625.0,
    "q75": 625.0,
    "std_dev": 0.0,
    "std_err": 0.0
  },
  "n_total": 20,
  "runs": [
    {
      "aborted": false,
      "cv_degree": 0.15309310892394906,
      "d_H": 2.8613598289455426,
      "d_s": 1.1543029202390522,
      "is_connected": true,
      "mean_curvature": 0.012363228797912598,
      "mean_degree": 6.4,
      "n_final": 625.0,
      "seed": 42,
      "std_curvature": 0.014194125185609651,
      "steps_completed": 0,
      "total": -5.51445779687221
    },
    {
      "aborted": false,
      "cv_degree": 0.15309310892394906,
      "d_H": 2.8482370206083734,
      "d_s": 1.2488665931021168,
      "is_connected": true,
      "mean_curvature": 0.014363632599512736,
      "mean_degree": 6.4,
      "n_final": 625.0,
      "seed": 1000045,
      "std_curvature": 0.015153278434835092,
      "steps_completed": 0,
      "total": -5.21895903927068
    },
    {
      "aborted": false,
      "cv_degree": 0.15309310892394906,
      "d_H": 2.634093804885148,
      "d_s": 1.1650511044255238,
      "is_connected": true,
      "mean_curvature": 0.011628967920939128,
      "mean_degree": 6.4,
      "n_final": 625.0,
      "seed": 2000048,
      "std_curvature": 0.013855087935822194,
      "steps_completed": 0,
      "total": -6.000163686803051
    },
    {
      "aborted": false,
      "cv_degree": 0.15309310892394906,
      "d_H": 2.86009733442914,
      "d_s": 1.0468397786622066,
      "is_connected": true,
      "mean_curvature": 0.014248701333999634,
      "mean_degree": 6.4,
      "n_final": 625.0,
      "seed": 3000051,
      "std_curvature": 0.014700701705697271,
      "steps_completed": 0,
      "total": -5.894160196489323
    },
    {
      "aborted": false,
      "cv_degree": 0.15309310892394906,
      "d_H": 2.8512895364582462,
      "d_s": 1.1582813750550667,
      "is_connected": true,
      "mean_curvature": 0.012478396495183309,
      "mean_degree": 6.4,
      "n_final": 625.0,
      "seed": 4000054,
      "std_curvature": 0.01467691742393126,
      "steps_completed": 0,
      "total": -5.512977288757393
    },
    {
      "aborted": false,
      "cv_degree": 0.15309310892394906,
      "d_H": 2.8513767783377415,
      "d_s": 1.0711419096444925,
      "is_connected": true,
      "mean_curvature": 0.014193218350410462,
      "mean_degree": 6.4,
      "n_final": 625.0,
      "seed": 5000057,
      "std_curvature": 0.014814184319004688,
      "steps_completed": 0,
      "total": -5.815604137207209
    },
    {
      "aborted": false,
      "cv_degree": 0.15309310892394906,
      "d_H": 2.8681298148791603,
      "d_s": 1.0752318063133666,
      "is_connected": true,
      "mean_curvature": 0.013855462670326233,
      "mean_degree": 6.4,
      "n_final": 625.0,
      "seed": 6000060,
      "std_curvature": 0.015211058001286902,
      "steps_completed": 0,
      "total": -5.784236244033009
    },
    {
      "aborted": false,
      "cv_degree": 0.15309310892394906,
      "d_H": 2.8618056579347333,
      "d_s": 1.0926017652470716,
      "is_connected": true,
      "mean_curvature": 0.014252767562866211,
      "mean_degree": 6.4,
      "n_final": 625.0,
      "seed": 7000063,
      "std_curvature": 0.014812302761208526,
      "steps_completed": 0,
      "total": -5.7285556498295644
    },
    {
      "aborted": false,
      "cv_degree": 0.15309310892394906,
      "d_H": 2.6409849535038026,
      "d_s": 1.0426359708468107,
      "is_connected": true,
      "mean_curvature": 0.013883361021677653,
      "mean_degree": 6.4,
      "n_final": 625.0,
      "seed": 8000066,
      "std_curvature": 0.01483801407519692,
      "steps_completed": 0,
      "total": -6.353178931584847
    },
    {
      "aborted": false,
      "cv_degree": 0.15309310892394906,
      "d_H": 2.857689929535209,
      "d_s": 1.2254284734127607,
      "is_connected": true,
      "mean_curvature": 0.013466682036717732,
      "mean_degree": 6.4,
      "n_final": 625.0,
      "seed": 9000069,
      "std_curvature": 0.014486778946854644,
      "steps_completed": 0,
      "total": -5.281509668997699
    },
    {
      "aborted": false,
      "cv_degree": 0.15309310892394906,
      "d_H": 2.8469911732909843,
      "d_s": 1.1500369617246704,
      "is_connected": true,
      "mean_curvature": 0.014145403107007345,
      "mean_degree": 6.4,
      "n_final": 625.0,
      "seed": 10000072,
      "std_curvature": 0.015147205431275871,
      "steps_completed": 0,
      "total": -5.546428688638963
    },
    {
      "aborted": false,
      "cv_degree": 0.15309310892394906,
      "d_H": 2.6320254152173153,
      "d_s": 1.1420429905966676,
      "is_connected": true,