{
  "cv_degree": {
    "max": 0.16666666666666666,
    "mean": 0.1666666666666666,
    "median": 0.16666666666666666,
    "min": 0.16666666666666666,
    "n_valid": 20,
    "q25": 0.16666666666666666,
    "q75": 0.16666666666666666,
    "std_dev": 5.695323946259567e-17,
    "std_err": 1.273513149771875e-17
  },
  "d_H": {
    "max": 2.6182970696096977,
    "mean": 2.394080248100554,
    "median": 2.382838500741186,
    "min": 2.374186491021582,
    "n_valid": 20,
    "q25": 2.378670565167943,
    "q75": 2.385632849998467,
    "std_dev": 0.052972417358417415,
    "std_err": 0.011844992614591118
  },
  "d_s": {
    "max": 1.055586904687694,
    "mean": 0.9364363013167256,
    "median": 0.9628976060485066,
    "min": 0.7528900770946576,
    "n_valid": 20,
    "q25": 0.8874856754991521,
    "q75": 1.0063961547622626,
    "std_dev": 0.09411805130353341,
    "std_err": 0.02104543606245134
  },
  "f_curvature": {
    "max": -0.0006531878292111363,
    "mean": -0.0007996856188330198,
    "median": -0.000800502963259277,
    "min": -0.0008916702880601922,
    "n_valid": 20,
    "q25": -0.000837636843186642,
    "q75": -0.0007657687320151241,
    "std_dev": 5.621915684500138e-05,
    "std_err": 1.257098563431457e-05
  },
  "f_hausdorff": {
    "max": -3.8182059756982976,
    "mean": -5.1632880453830685,
    "median": -5.230423018711521,
    "min": -5.286539131953433,
    "n_valid": 20,
    "q25": -5.2574182725056735,
    "q75": -5.212362590008145,
    "std_dev": 0.31797515551944605,
    "std_err": 0.07110140628975488
  },
  "f_regularity": {
    "max": -0.008333333333333331,
    "mean": -0.008333333333333331,
    "median": -0.008333333333333331,
    "min": -0.008333333333333331,
    "n_valid": 20,
    "q25": -0.008333333333333331,
    "q75": -0.008333333333333331,
    "std_dev": 0.0,
    "std_err": 0.0
  },
  "f_spectral": {
    "max": -1.762898439481784,
    "mean": -2.1372457920784522,
    "median": -2.0133522134013266,
    "min": -3.043910392897411,
    "n_valid": 20,
    "q25": -2.221155989140718,
    "q75": -1.9036256607447877,
    "std_dev": 0.3482187830274298,
    "std_err": 0.07786408698915831
  },
  "f_stability": {
    "max": -0.0,
    "mean": 0.0,
    "median": -0.0,
    "min": -0.0,
    "n_valid": 20,
    "q25": -0.0,
    "q75": -0.0,
    "std_dev": 0.0,
    "std_err": 0.0
  },
  "fitness_total": {
    "max": -6.871230933846184,
    "mean": -7.309668047982687,
    "median": -7.219628403643101,
    "min": -7.894941855852097,
    "n_valid": 20,
    "q25": -7.375811078848465,
    "q75": -7.115071156925009,
    "std_dev": 0.29567893314691723,
    "std_err": 0.06611581940311227
  },
  "mean_curvature": {
    "max": 0.02132455329100291,
    "mean": 0.02013142435749372,
    "median": 0.020241490701834362,
    "min": 0.017892168362935383,
    "n_valid": 20,
    "q25": 0.01961417853832245,
    "q75": 0.020796725153923036,
    "std_dev": 0.0008560734755691547,
    "std_err": 0.00019142384851071354
  },
  "mean_degree": {
    "max": 6.0,
    "mean": 6.0,
    "median": 6.0,
    "min": 6.0,
    "n_valid": 20,
    "q25": 6.0,
    "q75": 6.0,
    "std_dev": 0.0,
    "std_err": 0.0
  },
  "n_aborted": 0,
  "n_connected": 20,
  "n_final": {
    "max": 256.0,
    "mean": 256.0,
    "median": 256.0,
    "min": 256.0,
    "n_valid": 20,
    "q25": 256.0,
    "q75": 256.0,
    "std_dev": 0.0,
    "std_err": 0.0
  },
  "n_total": 20,
  "runs": [
    {
      "aborted": false,
      "cv_degree": 0.16666666666666666,
      "d_H": 2.3772322155079872,
      "d_s": 0.984893531989879,
      "is_connected": true,
      "mean_curvature": 0.020475500027338663,
      "mean_degree": 6.0,
      "n_final": 256.0,
      "seed": 42,
      "std_curvature": 0.015452522076405134,
      "steps_completed": 0,
      "total": -7.21449886220545
    },
    {
      "aborted": false,
      "cv_degree": 0.16666666666666666,
      "d_H": 2.3841772034100237,
      "d_s": 0.9947966638173045,
      "is_connected": true,
      "mean_curvature": 0.017892168362935383,
      "mean_degree": 6.0,
      "n_final": 256.0,
      "seed": 1000045,
      "std_curvature": 0.015187420062657012,
      "steps_completed": 0,
      "total": -7.161131424921204
    },
    {
      "aborted": false,
      "cv_degree": 0.16666666666666666,
      "d_H": 2.385632849998467,
      "d_s": 1.0059134362244968,
      "is_connected": true,
      "mean_curvature": 0.019995227257410684,
      "mean_degree": 6.0,
      "n_final": 256.0,
      "seed": 2000048,
      "std_curvature": 0.01582515746930055,
      "steps_completed": 0,
      "total": -7.125109124462576
    },
    {
      "aborted": false,
      "cv_degree": 0.16666666666666666,
      "d_H": 2.378670565167943,
      "d_s": 0.7624956696181971,
      "is_connected": true,
      "mean_curvature": 0.019359832207361857,
      "mean_degree": 6.0,
      "n_final": 256.0,
      "seed": 3000051,
      "std_curvature": 0.016474791950909565,
      "steps_completed": 0,
      "total": -7.8785386675762545
    },
    {
      "aborted": false,
      "cv_degree": 0.16666666666666666,
      "d_H": 2.374186491021582,
      "d_s": 1.0464446337760616,
      "is_connected": true,
      "mean_curvature": 0.01961417853832245,
      "mean_degree": 6.0,
      "n_final": 256.0,
      "seed": 4000054,
      "std_curvature": 0.016310128174796486,
      "steps_completed": 0,
      "total": -7.058566046854254
    },
    {
      "aborted": false,
      "cv_degree": 0.16666666666666666,
      "d_H": 2.385632849998467,
      "d_s": 0.8281353000621973,
      "is_connected": true,
      "mean_curvature": 0.02119780699412028,
      "mean_degree": 6.0,
      "n_final": 256.0,
      "seed": 5000057,
      "std_curvature": 0.016270374771307158,
      "steps_completed": 0,
      "total": -7.647367105752401
    },
    {
      "aborted": false,
      "cv_degree": 0.16666666666666666,
      "d_H": 2.3756076379110853,
      "d_s": 1.0261313739242106,
      "is_connected": true,
      "mean_curvature": 0.019991610248883566,
      "mean_degree": 6.0,
      "n_final": 256.0,
      "seed": 6000060,
      "std_curvature": 0.015035743467779986,
      "steps_completed": 0,
      "total": -7.107494942834387
    },
    {
      "aborted": false,
      "cv_degree": 0.16666666666666666,
      "d_H": 2.378670565167943,
      "d_s": 0.9488428901470968,
      "is_connected": true,
      "mean_curvature": 0.020689482688903808,
      "mean_degree": 6.0,
      "n_final": 256.0,
      "seed": 7000063,
      "std_curvature": 0.016218428606288568,
      "steps_completed": 0,
      "total": -7.310998146205271
    },
    {
      "aborted": false,
      "cv_degree": 0.16666666666666666,
      "d_H": 2.3880192773380333,
      "d_s": 1.0063961547622626,
      "is_connected": true,
      "mean_curvature": 0.02132455329100291,
      "mean_degree": 6.0,
      "n_final": 256.0,
      "seed": 8000066,
      "std_curvature": 0.016715877819963375,
      "steps_completed": 0,
      "total": -7.115071156925009
    },
    {
      "aborted": false,
      "cv_degree": 0.16666666666666666,
      "d_H": 2.3818298577192616,
      "d_s": 1.006954894227586,
      "is_connected": true,
      "mean_curvature": 0.019261094530423482,
      "mean_degree": 6.0,
      "n_final": 256.0,
      "seed": 9000069,
      "std_curvature": 0.01582936556167305,
      "steps_completed": 0,
      "total": -7.1363081285616285
    },
    {
      "aborted": false,
      "cv_degree": 0.16666666666666666,
      "d_H": 2.6182970696096977,
      "d_s": 0.873616470503543,
      "is_connected": true,
      "mean_curvature": 0.0197733203570048,
      "mean_degree": 6.0,
      "n_final": 256.0,
      "seed": 10000072,
      "std_curvature": 0.016114408469061064,
      "steps_completed": 0,
      "total": -6.871230933846184
    },
    {
      "aborted": false,
      "cv_degree": 0.16666666666666666,
      "d_H": 2.38994223558889,
      "d_s": 1.055586904687694,
      "is_connected": true,
      "mean_curvature": 0.01932078679402669,
      "mean_degree": 6.0,
      "n_final": 256.0,