{
  "cv_degree": {
    "max": 0.14142135623730934,
    "mean": 0.14142135623730928,
    "median": 0.14142135623730934,
    "min": 0.14142135623730934,
    "n_valid": 20,
    "q25": 0.14142135623730934,
    "q75": 0.14142135623730934,
    "std_dev": 5.695323946259567e-17,
    "std_err": 1.273513149771875e-17
  },
  "d_H": {
    "max": 2.813704458851749,
    "mean": 2.7985788231692426,
    "median": 2.8001255055235124,
    "min": 2.765956427565882,
    "n_valid": 20,
    "q25": 2.7963942580775143,
    "q75": 2.808632893856999,
    "std_dev": 0.012362940967353556,
    "std_err": 0.002764437640481956
  },
  "d_s": {
    "max": 1.4073101400462915,
    "mean": 1.1416968432579748,
    "median": 1.149607417258173,
    "min": 0.4954149445290134,
    "n_valid": 20,
    "q25": 1.0506566051240744,
    "q75": 1.264652275135999,
    "std_dev": 0.1978843188796095,
    "std_err": 0.04424827886960518
  },
  "f_curvature": {
    "max": -0.00021964932714379565,
    "mean": -0.0002939867907377036,
    "median": -0.0002915989767643091,
    "min": -0.0003337509572228744,
    "n_valid": 20,
    "q25": -0.0003166490106559966,
    "q75": -0.00027365323122098496,
    "std_dev": 2.82177951725805e-05,
    "std_err": 6.309690818105541e-06
  },
  "f_hausdorff": {
    "max": -2.814594221896443,
    "mean": -2.887116088662591,
    "median": -2.8793983205957145,
    "min": -3.045727077331921,
    "n_valid": 20,
    "q25": -2.8973335639775546,
    "q75": -2.8387111631990978,
    "std_dev": 0.059745919845469994,
    "std_err": 0.013359593815272464
  },
  "f_regularity": {
    "max": -0.005999999999999985,
    "mean": -0.005999999999999988,
    "median": -0.005999999999999985,
    "min": -0.005999999999999985,
    "n_valid": 20,
    "q25": -0.005999999999999985,
    "q75": -0.005999999999999985,
    "std_dev": 2.6696830998091723e-18,
    "std_err": 5.969592889555665e-19
  },
  "f_spectral": {
    "max": -1.9545516123047035,
    "mean": -2.7823373959209703,
    "median": -2.675447070057209,
    "min": -5.28752370707325,
    "n_valid": 20,
    "q25": -3.0904806317471865,
    "q75": -2.346888670280932,
    "std_dev": 0.7158456330176628,
    "std_err": 0.1600679496823862
  },
  "f_stability": {
    "max": -0.0,
    "mean": 0.0,
    "median": -0.0,
    "min": -0.0,
    "n_valid": 20,
    "q25": -0.0,
    "q75": -0.0,
    "std_dev": 0.0,
    "std_err": 0.0
  },
  "fitness_total": {
    "max": -4.815153952759198,
    "mean": -5.676035368130916,
    "median": -5.613447584684922,
    "min": -8.198587478336846,
    "n_valid": 20,
    "q25": -5.935411444273428,
    "q75": -5.2495463279811,
    "std_dev": 0.7182374614441266,
    "std_err": 0.16060277877759513
  },
  "mean_curvature": {
    "max": 0.011299597223599751,
    "mean": 0.010307652542988457,
    "median": 0.010332907438278197,
    "min": 0.008302401701609294,
    "n_valid": 20,
    "q25": 0.00983907163143158,
    "q75": 0.010886855920155843,
    "std_dev": 0.0006748437719417164,
    "std_err": 0.00015089965482540432
  },
  "mean_degree": {
    "max": 6.666666666666667,
    "mean": 6.666666666666669,
    "median": 6.666666666666667,
    "min": 6.666666666666667,
    "n_valid": 20,
    "q25": 6.666666666666667,
    "q75": 6.666666666666667,
    "std_dev": 1.8225036628030615e-15,
    "std_err": 4.07524207927e-16
  },
  "n_aborted": 0,
  "n_connected": 20,
  "n_final": {
    "max": 1296.0,
    "mean": 1296.0,
    "median": 1296.0,
    "min": 1296.0,
    "n_valid": 20,
    "q25": 1296.0,
    "q75": 1296.0,
    "std_dev": 0.0,
    "std_err": 0.0
  },
  "n_total": 20,
  "runs": [
    {
      "aborted": false,
      "cv_degree": 0.14142135623730934,
      "d_H": 2.8027920435378957,
      "d_s": 1.4031811662524547,
      "is_connected": true,
      "mean_curvature": 0.009803310831387838,
      "mean_degree": 6.666666666666667,
      "n_final": 1296.0,
      "seed": 42,
      "std_curvature": 0.012674259704970967,
      "steps_completed": 0,
      "total": -4.831789024847245
    },
    {
      "aborted": false,
      "cv_degree": 0.14142135623730934,
      "d_H": 2.7778518000101142,
      "d_s": 1.2372523556886361,
      "is_connected": true,
      "mean_curvature": 0.010140403906504314,
      "mean_degree": 6.666666666666667,
      "n_final": 1296.0,
      "seed": 1000045,
      "std_curvature": 0.013442259551418492,
      "steps_completed": 0,
      "total": -5.3682728872586
    },
    {
      "aborted": false,
      "cv_degree": 0.14142135623730934,
      "d_H": 2.8120096306497713,
      "d_s": 1.2822641291505938,
      "is_connected": true,
      "mean_curvature": 0.009743581016858419,
      "mean_degree": 6.666666666666667,
      "n_final": 1296.0,
      "seed": 2000048,
      "std_curvature": 0.013228614171452194,
      "steps_completed": 0,
      "total": -5.169037187925976
    },
    {
      "aborted": false,
      "cv_degree": 0.14142135623730934,
      "d_H": 2.797803324934569,
      "d_s": 1.0255086624439875,
      "is_connected": true,
      "mean_curvature": 0.010572845935821534,
      "mean_degree": 6.666666666666667,
      "n_final": 1296.0,
      "seed": 3000051,
      "std_curvature": 0.013943051604006567,
      "steps_completed": 0,
      "total": -6.037945320518763
    },
    {
      "aborted": false,
      "cv_degree": 0.14142135623730934,
      "d_H": 2.8082853693880283,
      "d_s": 1.043077278415278,
      "is_connected": true,
      "mean_curvature": 0.010382407704989115,
      "mean_degree": 6.666666666666667,
      "n_final": 1296.0,
      "seed": 4000054,
      "std_curvature": 0.013683931252757785,
      "steps_completed": 0,
      "total": -5.9626292551304445
    },
    {
      "aborted": false,
      "cv_degree": 0.14142135623730934,
      "d_H": 2.799527339451189,
      "d_s": 1.0843898020400018,
      "is_connected": true,
      "mean_curvature": 0.011176533500353495,
      "mean_degree": 6.666666666666667,
      "n_final": 1296.0,
      "seed": 5000057,
      "std_curvature": 0.013970378453288869,
      "steps_completed": 0,
      "total": -5.830321057229964
    },
    {
      "aborted": false,
      "cv_degree": 0.14142135623730934,
      "d_H": 2.7948765569664227,
      "d_s": 0.4954149445290134,
      "is_connected": true,
      "mean_curvature": 0.01048204759756724,
      "mean_degree": 6.666666666666667,
      "n_final": 1296.0,
      "seed": 6000060,
      "std_curvature": 0.0130958276971852,
      "steps_completed": 0,
      "total": -8.198587478336846
    },
    {
      "aborted": false,
      "cv_degree": 0.14142135623730934,
      "d_H": 2.805362933149865,
      "d_s": 1.4073101400462915,
      "is_connected": true,
      "mean_curvature": 0.01028340717156728,
      "mean_degree": 6.666666666666667,
      "n_final": 1296.0,
      "seed": 7000063,
      "std_curvature": 0.013077959847125405,
      "steps_completed": 0,
      "total": -4.815153952759198
    },
    {
      "aborted": false,
      "cv_degree": 0.14142135623730934,
      "d_H": 2.809452887613234,
      "d_s": 1.2104180587996092,
      "is_connected": true,
      "mean_curvature": 0.010235685110092162,
      "mean_degree": 6.666666666666667,
      "n_final": 1296.0,
      "seed": 8000066,
      "std_curvature": 0.013035987652163596,
      "steps_completed": 0,
      "total": -5.398001843989013
    },
    {
      "aborted": false,
      "cv_degree": 0.14142135623730934,
      "d_H": 2.796608106836421,
      "d_s": 1.264652275135999,
      "is_connected": true,
      "mean_curvature": 0.00979926844437917,
      "mean_degree": 6.666666666666667,
      "n_final": 1296.0,
      "seed": 9000069,
      "std_curvature": 0.013318658450930734,
      "steps_completed": 0,
      "total": -5.2495463279811
    },
    {
      "aborted": false,
      "cv_degree": 0.14142135623730934,
      "d_H": 2.7972296207094223,
      "d_s": 1.3912120615383887,
      "is_connected": true,
      "mean_curvature": 0.010581408937772116,
      "mean_degree": 6.666666666666667,
      "n_final": 1296.0,
      "seed": 10000072,
      "std_curvature": 0.013488757058134808,