{
  "cv_degree": {
    "max": 0.2814678853114971,
    "mean": 0.27406340329466367,
    "median": 0.273948770253976,
    "min": 0.2660141319329658,
    "n_valid": 20,
    "q25": 0.2709286691271549,
    "q75": 0.27834350845663747,
    "std_dev": 0.004575314899525764,
    "std_err": 0.0010230715133807229
  },
  "d_H": {
    "max": 4.3652220483755135,
    "mean": 3.8377136762128656,
    "median": 4.266825536383492,
    "min": 0.0,
    "n_valid": 20,
    "q25": 4.2091978940555865,
    "q75": 4.305431512186647,
    "std_dev": 1.3138383099224935,
    "std_err": 0.29378317724301317
  },
  "d_s": {
    "max": 0.3521738350391388,
    "mean": 0.2905484363436699,
    "median": 0.3210146874189377,
    "min": 0.0,
    "n_valid": 20,
    "q25": 0.3115328848361969,
    "q75": 0.3361329436302185,
    "std_dev": 0.10080084173779236,
    "std_err": 0.022539753431490173
  },
  "f_curvature": {
    "max": -0.1329177757538599,
    "mean": -0.731986551082174,
    "median": -0.14577176888911597,
    "min": -6.0,
    "n_valid": 20,
    "q25": -0.15429503002834077,
    "q75": -0.14025969257862891,
    "std_dev": 1.801641152688806,
    "std_err": 0.40285920884732485
  },
  "f_hausdorff": {
    "max": -0.034509730411364695,
    "mean": -3.3323988005546736,
    "median": -0.1577496962866158,
    "min": -32.0,
    "n_valid": 20,
    "q25": -0.19892319659125002,
    "q75": -0.08930437658415148,
    "std_dev": 9.804299177568359,
    "std_err": 2.192307943278813
  },
  "f_regularity": {
    "max": -0.0212290555164148,
    "mean": -0.022539190756968537,
    "median": -0.022514400043387332,
    "min": -0.023767251138517822,
    "n_valid": 20,
    "q25": -0.023139963059652286,
    "q75": -0.0218375979296198,
    "std_dev": 0.0007514566578821608,
    "std_err": 0.00016803081691693146
  },
  "f_spectral": {
    "max": -14.587988459544293,
    "mean": -15.583866717808409,
    "median": -15.563049008685443,
    "min": -16.63874774424591,
    "n_valid": 20,
    "q25": -15.958056113270121,
    "q75": -15.341901080046137,
    "std_dev": 0.49541509833061126,
    "std_err": 0.11077818369469893
  },
  "f_stability": {
    "max": -0.42654044278966485,
    "mean": -0.4431901322297179,
    "median": -0.4435694860828932,
    "min": -0.45944130133389843,
    "n_valid": 20,
    "q25": -0.4506218753586301,
    "q75": -0.4359329952912836,
    "std_dev": 0.009092450522439873,
    "std_err": 0.002033133745022903
  },
  "fitness_total": {
    "max": -18.050620586270615,
    "mean": -25.059049918865174,
    "median": -19.578634714906116,
    "min": -75.70671848732034,
    "n_valid": 20,
    "q25": -19.846580786723322,
    "q75": -19.28434391751674,
    "std_dev": 17.312952374010386,
    "std_err": 3.8712938399503587
  },
  "mean_curvature": {
    "max": 0.0,
    "mean": -0.26227718050281207,
    "median": -0.28953177223602933,
    "min": -0.31319189886252086,
    "n_valid": 20,
    "q25": -0.29648349463939666,
    "q75": -0.2826802690823873,
    "std_dev": 0.09021250508105769,
    "std_err": 0.020172129378179016
  },
  "mean_degree": {
    "max": 9.890683229813664,
    "mean": 9.7999441972704,
    "median": 9.792801628843954,
    "min": 9.704260651629072,
    "n_valid": 20,
    "q25": 9.778331257783313,
    "q75": 9.821671826625387,
    "std_dev": 0.04212418691829687,
    "std_err": 0.009419254544621917
  },
  "n_aborted": 0,
  "n_connected": 18,
  "n_final": {
    "max": 1630.0,
    "mean": 1602.35,
    "median": 1603.0,
    "min": 1574.0,
    "n_valid": 20,
    "q25": 1592.0,
    "q75": 1616.0,
    "std_dev": 15.475872562765154,
    "std_err": 3.460510306146676
  },
  "n_total": 20,
  "runs": [
    {
      "aborted": false,
      "cv_degree": 0.27834350845663747,
      "d_H": 4.348520496882971,
      "d_s": 0.34618544578552246,
      "is_connected": true,
      "mean_curvature": -0.273901686668396,
      "mean_degree": 9.790668348045397,
      "n_final": 1586.0,
      "seed": 42,
      "std_curvature": 0.16486186061537156,
      "steps_completed": 300,
      "total": -19.932439482914777
    },
    {
      "aborted": false,
      "cv_degree": 0.27701220513202945,
      "d_H": 4.255753844657465,
      "d_s": 0.3172231912612915,
      "is_connected": true,
      "mean_curvature": -0.2859253251552582,
      "mean_degree": 9.79262960649594,
      "n_final": 1601.0,
      "seed": 1000045,
      "std_curvature": 0.16211634349274262,
      "steps_completed": 300,
      "total": -19.35621310078175
    },
    {
      "aborted": false,
      "cv_degree": 0.2788442427012642,
      "d_H": 4.181166872840668,
      "d_s": 0.3361329436302185,
      "is_connected": true,
      "mean_curvature": -0.28273078203201296,
      "mean_degree": 9.704260651629072,
      "n_final": 1596.0,
      "seed": 2000048,
      "std_curvature": 0.15808993427839993,
      "steps_completed": 300,
      "total": -18.050620586270615
    },
    {
      "aborted": false,
      "cv_degree": 0.2660141319329658,
      "d_H": 4.247459665898949,
      "d_s": 0.3283809721469879,
      "is_connected": true,
      "mean_curvature": -0.302061248421669,
      "mean_degree": 9.828282828282829,
      "n_final": 1584.0,
      "seed": 3000051,
      "std_curvature": 0.16244705825265443,
      "steps_completed": 300,
      "total": -19.431889266531915
    },
    {
      "aborted": false,
      "cv_degree": 0.2758770684818107,
      "d_H": 4.21131064405769,
      "d_s": 0.2944367527961731,
      "is_connected": true,
      "mean_curvature": -0.29201852639516196,
      "mean_degree": 9.778331257783313,
      "n_final": 1606.0,
      "seed": 4000054,
      "std_curvature": 0.15512879048446926,
      "steps_completed": 300,
      "total": -19.07314142263746
    },
    {
      "aborted": false,
      "cv_degree": 0.26956409267376125,
      "d_H": 4.305431512186647,
      "d_s": 0.3432469666004181,
      "is_connected": true,
      "mean_curvature": -0.30679984589417775,
      "mean_degree": 9.790201005025125,
      "n_final": 1592.0,
      "seed": 5000057,
      "std_curvature": 0.159639914629027,
      "steps_completed": 300,
      "total": -19.61957301962237
    },
    {
      "aborted": false,
      "cv_degree": 0.28009064964116753,
      "d_H": 4.315375329243784,
      "d_s": 0.32480618357658386,
      "is_connected": true,
      "mean_curvature": -0.2835671148697535,
      "mean_degree": 9.764705882352942,
      "n_final": 1615.0,
      "seed": 6000060,
      "std_curvature": 0.15332363138682892,
      "steps_completed": 300,
      "total": -19.675044388795456
    },
    {
      "aborted": false,
      "cv_degree": 0.2772625786948381,
      "d_H": 4.131357775581358,
      "d_s": 0.3119352459907532,
      "is_connected": true,
      "mean_curvature": -0.27957390864690146,
      "mean_degree": 9.79297365119197,
      "n_final": 1594.0,
      "seed": 7000063,
      "std_curvature": 0.1580309700834181,
      "steps_completed": 300,
      "total": -18.32060858567845
    },
    {
      "aborted": false,
      "cv_degree": 0.2720648567289206,
      "d_H": 4.3652220483755135,
      "d_s": 0.2861599326133728,
      "is_connected": true,
      "mean_curvature": -0.29648349463939666,
      "mean_degree": 9.813496932515337,
      "n_final": 1630.0,
      "seed": 8000066,
      "std_curvature": 0.1599564338213343,
      "steps_completed": 300,
      "total": -20.78118910770777
    },
    {
      "aborted": false,
      "cv_degree": 0.2709930118859244,
      "d_H": 4.268964608479202,
      "d_s": 0.33295872807502747,
      "is_connected": true,
      "mean_curvature": -0.2942376484473546,
      "mean_degree": 9.820766378244747,
      "n_final": 1618.0,
      "seed": 9000069,
      "std_curvature": 0.16234054982535273,
      "steps_completed": 300,
      "total": -19.545670719397137
    },
    {
      "aborted": false,
      "cv_degree": 0.26710457482739586,
      "d_H": 4.168138992460639,
      "d_s": 0.3115328848361969,
      "is_connected": true,
      "mean_curvature": -0.29892486890157066,
      "mean_degree": 9.890683229813664,
      "n_final": 1610.0,