{
  "cv_degree": {
    "max": 0.2817708743321676,
    "mean": 0.27783686245326195,
    "median": 0.27874013007692844,
    "min": 0.27314204111059703,
    "n_valid": 20,
    "q25": 0.275715369587285,
    "q75": 0.28000391916333667,
    "std_dev": 0.002607891056625651,
    "std_err": 0.0005831421680528709
  },
  "d_H": {
    "max": 4.400891071526651,
    "mean": 0.8775658912145321,
    "median": 0.0,
    "min": 0.0,
    "n_valid": 20,
    "q25": 0.0,
    "q75": 0.0,
    "std_dev": 1.8007484710791526,
    "std_err": 0.4026595991711799
  },
  "d_s": {
    "max": 0.36236119270324707,
    "mean": 0.056236079335212706,
    "median": 0.0,
    "min": 0.0,
    "n_valid": 20,
    "q25": 0.0,
    "q75": 0.0,
    "std_dev": 0.11757108356589481,
    "std_err": 0.026289693504164914
  },
  "f_curvature": {
    "max": -0.15910492696625905,
    "mean": -4.834409837182657,
    "median": -6.0,
    "min": -6.0,
    "n_valid": 20,
    "q25": -6.0,
    "q75": -6.0,
    "std_dev": 2.391743660173475,
    "std_err": 0.5348101408902046
  },
  "f_hausdorff": {
    "max": -0.25209397107486575,
    "mean": -25.660310133992215,
    "median": -32.0,
    "min": -32.0,
    "n_valid": 20,
    "q25": -32.0,
    "q75": -32.0,
    "std_dev": 13.008775824123092,
    "std_err": 2.908850704679508
  },
  "f_regularity": {
    "max": -0.022381972386618924,
    "mean": -0.023159934953654347,
    "median": -0.023308823968168572,
    "min": -0.023818447686574252,
    "n_valid": 20,
    "q25": -0.023502272520003264,
    "q75": -0.022721331940833794,
    "std_dev": 0.0004342252125150349,
    "std_err": 9.709570927279104e-05
  },
  "f_spectral": {
    "max": -16.0,
    "mean": -16.173327826760875,
    "median": -16.0,
    "min": -17.352266189591038,
    "n_valid": 20,
    "q25": -16.0,
    "q75": -16.0,
    "std_dev": 0.3947612338576554,
    "std_err": 0.0882712953787409
  },
  "f_stability": {
    "max": -0.5102489980901463,
    "mean": -0.5285678539947632,
    "median": -0.529263599558035,
    "min": -0.539760381415398,
    "n_valid": 20,
    "q25": -0.5321009082633656,
    "q75": -0.5235883570632404,
    "std_dev": 0.006900653514393206,
    "std_err": 0.0015430330347356031
  },
  "fitness_total": {
    "max": -20.17001582565087,
    "mean": -65.84975246879739,
    "median": -75.23033038984175,
    "min": -85.36629295004914,
    "n_valid": 20,
    "q25": -75.39516348303935,
    "q75": -74.93336426073267,
    "std_dev": 23.417368878826434,
    "std_err": 5.236282866724394
  },
  "mean_curvature": {
    "max": 0.0,
    "mean": -0.06355063596367835,
    "median": 0.0,
    "min": -0.32970225512981416,
    "n_valid": 20,
    "q25": 0.0,
    "q75": 0.0,
    "std_dev": 0.13048358608183883,
    "std_err": 0.029177016842693703
  },
  "mean_degree": {
    "max": 9.789794786466999,
    "mean": 9.746975172417775,
    "median": 9.746540187848058,
    "min": 9.694296150604103,
    "n_valid": 20,
    "q25": 9.735164835164834,
    "q75": 9.768467475192944,
    "std_dev": 0.024550931406321058,
    "std_err": 0.005489755153546839
  },
  "n_aborted": 0,
  "n_connected": 4,
  "n_final": {
    "max": 3663.0,
    "mean": 3623.55,
    "median": 3626.0,
    "min": 3559.0,
    "n_valid": 20,
    "q25": 3608.0,
    "q75": 3640.0,
    "std_dev": 24.31909581075397,
    "std_err": 5.437915138417623
  },
  "n_total": 20,
  "runs": [
    {
      "aborted": false,
      "cv_degree": 0.27469276661732606,
      "d_H": 4.3951024252965984,
      "d_s": 0.2757316827774048,
      "is_connected": true,
      "mean_curvature": -0.31487088402112323,
      "mean_degree": 9.749167591564929,
      "n_final": 3604.0,
      "seed": 42,
      "std_curvature": 0.1713513453023138,
      "steps_completed": 300,
      "total": -20.88671106445876
    },
    {
      "aborted": false,
      "cv_degree": 0.27314204111059703,
      "d_H": 0.0,
      "d_s": 0.0,
      "is_connected": false,
      "mean_curvature": 0.0,
      "mean_degree": 9.771771771771771,
      "n_final": 3663.0,
      "seed": 1000045,
      "std_curvature": 0.0,
      "steps_completed": 300,
      "total": -75.39516348303935
    },
    {
      "aborted": false,
      "cv_degree": 0.279894459394985,
      "d_H": 0.0,
      "d_s": 0.0,
      "is_connected": false,
      "mean_curvature": 0.0,
      "mean_degree": 9.708609271523178,
      "n_final": 3624.0,
      "seed": 2000048,
      "std_curvature": 0.0,
      "steps_completed": 300,
      "total": -75.02891081353724
    },
    {
      "aborted": false,
      "cv_degree": 0.281353327953099,
      "d_H": 0.0,
      "d_s": 0.0,
      "is_connected": false,
      "mean_curvature": 0.0,
      "mean_degree": 9.732123212321232,
      "n_final": 3636.0,
      "seed": 3000051,
      "std_curvature": 0.0,
      "steps_completed": 300,
      "total": -75.1624098656526
    },
    {
      "aborted": false,
      "cv_degree": 0.2796096134604187,
      "d_H": 0.0,
      "d_s": 0.0,
      "is_connected": false,
      "mean_curvature": 0.0,
      "mean_degree": 9.735164835164834,
      "n_final": 3640.0,
      "seed": 4000054,
      "std_curvature": 0.0,
      "steps_completed": 300,
      "total": -85.18029003172522
    },
    {
      "aborted": false,
      "cv_degree": 0.2817708743321676,
      "d_H": 0.0,
      "d_s": 0.0,
      "is_connected": false,
      "mean_curvature": 0.0,
      "mean_degree": 9.694296150604103,
      "n_final": 3559.0,
      "seed": 5000057,
      "std_curvature": 0.0,
      "steps_completed": 300,
      "total": -74.93336426073267
    },
    {
      "aborted": false,
      "cv_degree": 0.275715369587285,
      "d_H": 0.0,
      "d_s": 0.0,
      "is_connected": false,
      "mean_curvature": 0.0,
      "mean_degree": 9.747797356828194,
      "n_final": 3632.0,
      "seed": 6000060,
      "std_curvature": 0.0,
      "steps_completed": 300,
      "total": -75.24873119246453
    },
    {
      "aborted": false,
      "cv_degree": 0.2749188700743946,
      "d_H": 0.0,
      "d_s": 0.0,
      "is_connected": false,
      "mean_curvature": 0.0,
      "mean_degree": 9.768467475192944,
      "n_final": 3628.0,
      "seed": 7000063,
      "std_curvature": 0.0,
      "steps_completed": 300,
      "total": -85.36629295004914
    },
    {
      "aborted": false,
      "cv_degree": 0.2771671909975274,
      "d_H": 0.0,
      "d_s": 0.0,
      "is_connected": false,
      "mean_curvature": 0.0,
      "mean_degree": 9.755949086884339,
      "n_final": 3614.0,
      "seed": 8000066,
      "std_curvature": 0.0,
      "steps_completed": 300,
      "total": -85.29042101659891
    },
    {
      "aborted": false,
      "cv_degree": 0.27897261061626516,
      "d_H": 0.0,
      "d_s": 0.0,
      "is_connected": false,
      "mean_curvature": 0.0,
      "mean_degree": 9.769936093359266,
      "n_final": 3599.0,
      "seed": 9000069,
      "std_curvature": 0.0,
      "steps_completed": 300,
      "total": -75.36727763379204
    },
    {
      "aborted": false,
      "cv_degree": 0.27678477360499043,
      "d_H": 4.400891071526651,
      "d_s": 0.36236119270324707,
      "is_connected": true,
      "mean_curvature": -0.30305857181549073,
      "mean_degree": 9.741489067257127,
      "n_final": 3613.0,
      "seed": 10000072,
      "std_curvature": 0.16867396574453578,
      "steps_completed": 300,
      "total": -20.17001582565087
    },
    {
      "aborted": false,
      "cv_degree": 0.2759176347812351,
      "d_H": 0.0,
      "d_s": 0.0,
      "is_connected": false,
      "mean_curvature": 0.0,
      "mean_degree": 9.789794786466999,
      "n_final": 3606.0,
      "seed": 11000075,
      "std_curvature": 0.0,
      "steps_completed": 300,
      "total": -75.48550867736998
    },
    {
      "aborted": false,
      "cv_degree": 0.27859949369376785,
      "d_H": 4.400293363272109,
      "d_s": 0.23468822240829468,
      "is_connected": true,
      "mean_curvature": -0.32970225512981416,
      "mean_degree": 9.734733351754628,
      "n_final": 3619.0,
      "seed": 12000078,
      "std_curvature": 0.15730147824671858,