{
  "cv_degree": {
    "max": 0.28265677714940507,
    "mean": 0.277628593408655,
    "median": 0.27730945792331213,
    "min": 0.272649844433241,
    "n_valid": 20,
    "q25": 0.27629362385752154,
    "q75": 0.27961360644648514,
    "std_dev": 0.002346104831619276,
    "std_err": 0.0005246049885841399
  },
  "d_H": {
    "max": 4.498590580922903,
    "mean": 1.1134837743304156,
    "median": 0.0,
    "min": 0.0,
    "n_valid": 20,
    "q25": 0.0,
    "q75": 4.41271880529151,
    "std_dev": 1.9788029994650915,
    "std_err": 0.44247380208844245
  },
  "d_s": {
    "max": 8.534794814883652,
    "mean": 0.482323663309166,
    "median": 0.0,
    "min": 0.0,
    "n_valid": 20,
    "q25": 0.0,
    "q75": 0.265345960855484,
    "std_dev": 1.898741669362769,
    "std_err": 0.4245715444406581
  },
  "f_curvature": {
    "max": -0.17361380491582257,
    "mean": -4.544910292993519,
    "median": -6.0,
    "min": -6.0,
    "n_valid": 20,
    "q25": -6.0,
    "q75": -0.18659344409190576,
    "std_dev": 2.5857631377267105,
    "std_err": 0.5781942149670075
  },
  "f_hausdorff": {
    "max": -0.34067362448250244,
    "mean": -24.10370833242245,
    "median": -32.0,
    "min": -32.0,
    "n_valid": 20,
    "q25": -32.0,
    "q75": -0.4971851347700753,
    "std_dev": 14.032120782635644,
    "std_err": 3.137677593846085
  },
  "f_regularity": {
    "max": -0.02230138130084115,
    "mean": -0.023124859462666538,
    "median": -0.023070162640489035,
    "min": -0.023968456100546532,
    "n_valid": 20,
    "q25": -0.023354299214814328,
    "q75": -0.022883261603848182,
    "std_dev": 0.00039100373189175956,
    "std_err": 8.743109239660768e-05
  },
  "f_spectral": {
    "max": -16.0,
    "mean": -16.35491427691492,
    "median": -16.0,
    "min": -17.920360013329745,
    "n_valid": 20,
    "q25": -16.0,
    "q75": -16.0,
    "std_dev": 0.6563569996955785,
    "std_err": 0.14676588688271222
  },
  "f_stability": {
    "max": -0.5541237370007508,
    "mean": -0.561336555159677,
    "median": -0.5615435315327089,
    "min": -0.5691132937970332,
    "n_valid": 20,
    "q25": -0.5640671411609933,
    "q75": -0.5574897609980045,
    "std_dev": 0.004387381479338304,
    "std_err": 0.0009810483231024038
  },
  "fitness_total": {
    "max": -20.83104730713043,
    "mean": -65.75944741972192,
    "median": -75.28502186839178,
    "min": -85.31575184460999,
    "n_valid": 20,
    "q25": -85.0810745855507,
    "q75": -22.041688740781506,
    "std_dev": 26.63135893295509,
    "std_err": 5.954952890728385
  },
  "mean_curvature": {
    "max": 0.0,
    "mean": -0.08148946803808213,
    "median": 0.0,
    "min": -0.3329969076315562,
    "n_valid": 20,
    "q25": 0.0,
    "q75": 0.0,
    "std_dev": 0.14482677034325078,
    "std_err": 0.03238425034492593
  },
  "mean_degree": {
    "max": 9.776020701552616,
    "mean": 9.73440780440539,
    "median": 9.736256807108052,
    "min": 9.687247547605308,
    "n_valid": 20,
    "q25": 9.718795250506806,
    "q75": 9.751162790697675,
    "std_dev": 0.022457448057122912,
    "std_err": 0.005021638045689741
  },
  "n_aborted": 0,
  "n_connected": 5,
  "n_final": {
    "max": 6978.0,
    "mean": 6927.15,
    "median": 6928.5,
    "min": 6880.0,
    "n_valid": 20,
    "q25": 6906.0,
    "q75": 6955.0,
    "std_dev": 28.683894252239952,
    "std_err": 6.4139137407424025
  },
  "n_total": 20,
  "runs": [
    {
      "aborted": false,
      "cv_degree": 0.27966051216008575,
      "d_H": 0.0,
      "d_s": 0.0,
      "is_connected": false,
      "mean_curvature": 0.0,
      "mean_degree": 9.732278936017254,
      "n_final": 6955.0,
      "seed": 42,
      "std_curvature": 0.0,
      "steps_completed": 300,
      "total": -85.19649147499656
    },
    {
      "aborted": false,
      "cv_degree": 0.27961360644648514,
      "d_H": 0.0,
      "d_s": 0.0,
      "is_connected": false,
      "mean_curvature": 0.0,
      "mean_degree": 9.687247547605308,
      "n_final": 6932.0,
      "seed": 1000045,
      "std_curvature": 0.0,
      "steps_completed": 300,
      "total": -84.94715863535785
    },
    {
      "aborted": false,
      "cv_degree": 0.27579173107109983,
      "d_H": 0.0,
      "d_s": 0.0,
      "is_connected": false,
      "mean_curvature": 0.0,
      "mean_degree": 9.747460087082729,
      "n_final": 6890.0,
      "seed": 2000048,
      "std_curvature": 0.0,
      "steps_completed": 300,
      "total": -75.27151399002435
    },
    {
      "aborted": false,
      "cv_degree": 0.2808763057240467,
      "d_H": 4.498590580922903,
      "d_s": 0.265345960855484,
      "is_connected": true,
      "mean_curvature": -0.32559787571430204,
      "mean_degree": 9.702924650626711,
      "n_final": 6941.0,
      "seed": 3000051,
      "std_curvature": 0.16550331978689364,
      "steps_completed": 300,
      "total": -21.832205171658103
    },
    {
      "aborted": false,
      "cv_degree": 0.27629362385752154,
      "d_H": 0.0,
      "d_s": 0.0,
      "is_connected": false,
      "mean_curvature": 0.0,
      "mean_degree": 9.76492699147029,
      "n_final": 6917.0,
      "seed": 4000054,
      "std_curvature": 0.0,
      "steps_completed": 300,
      "total": -75.37593819992459
    },
    {
      "aborted": false,
      "cv_degree": 0.2780656604649276,
      "d_H": 0.0,
      "d_s": 0.0,
      "is_connected": false,
      "mean_curvature": 0.0,
      "mean_degree": 9.747654107117079,
      "n_final": 6927.0,
      "seed": 5000057,
      "std_curvature": 0.0,
      "steps_completed": 300,
      "total": -75.27865517068626
    },
    {
      "aborted": false,
      "cv_degree": 0.2773911967893817,
      "d_H": 0.0,
      "d_s": 0.0,
      "is_connected": false,
      "mean_curvature": 0.0,
      "mean_degree": 9.71979695431472,
      "n_final": 6895.0,
      "seed": 6000060,
      "std_curvature": 0.0,
      "steps_completed": 300,
      "total": -75.11758188793651
    },
    {
      "aborted": false,
      "cv_degree": 0.28265677714940507,
      "d_H": 4.41271880529151,
      "d_s": 8.534794814883652,
      "is_connected": true,
      "mean_curvature": -0.32737319588661196,
      "mean_degree": 9.718795250506806,
      "n_final": 6906.0,
      "seed": 7000063,
      "std_curvature": 0.15941987279622677,
      "steps_completed": 300,
      "total": -20.83104730713043
    },
    {
      "aborted": false,
      "cv_degree": 0.2789781558457908,
      "d_H": 0.0,
      "d_s": 0.0,
      "is_connected": false,
      "mean_curvature": 0.0,
      "mean_degree": 9.707936507936507,
      "n_final": 6930.0,
      "seed": 8000066,
      "std_curvature": 0.0,
      "steps_completed": 300,
      "total": -85.05816771680922
    },
    {
      "aborted": false,
      "cv_degree": 0.27901194248522965,
      "d_H": 4.451281396431357,
      "d_s": 0.28212589025497437,
      "is_connected": true,
      "mean_curvature": -0.32343229711055754,
      "mean_degree": 9.716379310344827,
      "n_final": 6960.0,
      "seed": 9000069,
      "std_curvature": 0.1701004488811535,
      "steps_completed": 300,
      "total": -21.276158515469632
    },
    {
      "aborted": false,
      "cv_degree": 0.27654442257546274,
      "d_H": 0.0,
      "d_s": 0.0,
      "is_connected": false,
      "mean_curvature": 0.0,
      "mean_degree": 9.733083249170393,
      "n_final": 6931.0,
      "seed": 10000072,
      "std_curvature": 0.0,
      "steps_completed": 300,
      "total": -85.19680201483797
    },
    {
      "aborted": false,
      "cv_degree": 0.2768863209403502,
      "d_H": 0.0,
      "d_s": 0.0,
      "is_connected": false,
      "mean_curvature": 0.0,
      "mean_degree": 9.739180280882774,
      "n_final": 6978.0,
      "seed": 11000075,
      "std_curvature": 0.0,
      "steps_completed": 300,
      "total": -85.23829190421132
    },
    {
      "aborted": false,
      "cv_degree": 0.27445442031262324,
      "d_H": 0.0,
      "d_s": 0.0,
      "is_connected": false,
      "mean_curvature": 0.0,
      "mean_degree": 9.75377969762419,
      "n_final": 6945.0,
      "seed": 12000078,