{
  "cv_degree": {
    "max": 0.2811747659432817,
    "mean": 0.27820149385542925,
    "median": 0.2784240136651074,
    "min": 0.27497049469190177,
    "n_valid": 20,
    "q25": 0.27688360629068565,
    "q75": 0.27965023266149625,
    "std_dev": 0.001739433639977055,
    "std_err": 0.00038894918613385906
  },
  "d_H": {
    "max": 4.648937698403527,
    "mean": 0.23244688492017634,
    "median": 0.0,
    "min": 0.0,
    "n_valid": 20,
    "q25": 0.0,
    "q75": 0.0,
    "std_dev": 1.0395340716791706,
    "std_err": 0.23244688492017643
  },
  "d_s": {
    "max": 0.2979796528816223,
    "mean": 0.014898982644081116,
    "median": 0.0,
    "min": 0.0,
    "n_valid": 20,
    "q25": 0.0,
    "q75": 0.0,
    "std_dev": 0.06663027597550986,
    "std_err": 0.014898982644081115
  },
  "f_curvature": {
    "max": -0.20652076405401668,
    "mean": -5.710326038202701,
    "median": -6.0,
    "min": -6.0,
    "n_valid": 20,
    "q25": -6.0,
    "q75": -6.0,
    "std_dev": 1.2954613397808759,
    "std_err": 0.2896739617972991
  },
  "f_hausdorff": {
    "max": -0.8422402728185342,
    "mean": -30.44211201364093,
    "median": -32.0,
    "min": -32.0,
    "n_valid": 20,
    "q25": -32.0,
    "q75": -32.0,
    "std_dev": 6.967086877658307,
    "std_err": 1.5578879863590736
  },
  "f_regularity": {
    "max": -0.022682631885332753,
    "mean": -0.023219683659393284,
    "median": -0.02325601077017152,
    "min": -0.023717774700977776,
    "n_valid": 20,
    "q25": -0.02340367879092093,
    "q75": -0.02290928799543365,
    "std_dev": 0.0002901975890648618,
    "std_err": 6.489015360555805e-05
  },
  "f_spectral": {
    "max": -16.0,
    "mean": -16.14654179569459,
    "median": -16.0,
    "min": -18.930835913891794,
    "n_valid": 20,
    "q25": -16.0,
    "q75": -16.0,
    "std_dev": 0.6553548334359773,
    "std_err": 0.14654179569458972
  },
  "f_stability": {
    "max": -0.5705328559029196,
    "mean": -0.579679374496553,
    "median": -0.5809247960819727,
    "min": -0.5872818602123586,
    "n_valid": 20,
    "q25": -0.5821785216489391,
    "q75": -0.5753713344680798,
    "std_dev": 0.004183660484456383,
    "std_err": 0.0009354949238024173
  },
  "fitness_total": {
    "max": -23.51541687590576,
    "mean": -79.63063564977419,
    "median": -80.21596221242493,
    "min": -95.29309049820839,
    "n_valid": 20,
    "q25": -85.18423429917391,
    "q75": -75.21943789856776,
    "std_dev": 15.361766936791811,
    "std_err": 3.4349955125175202
  },
  "mean_curvature": {
    "max": 0.0,
    "mean": -0.01759028548002243,
    "median": 0.0,
    "min": -0.3518057096004486,
    "n_valid": 20,
    "q25": 0.0,
    "q75": 0.0,
    "std_dev": 0.07866614815391539,
    "std_err": 0.01759028548002244
  },
  "mean_degree": {
    "max": 9.756452017038336,
    "mean": 9.733880395937764,
    "median": 9.734054850599751,
    "min": 9.710923808729033,
    "n_valid": 20,
    "q25": 9.725883237283888,
    "q75": 9.744078184528739,
    "std_dev": 0.012321346580575815,
    "std_err": 0.002755136852850211
  },
  "n_aborted": 0,
  "n_connected": 1,
  "n_final": {
    "max": 12107.0,
    "mean": 12022.1,
    "median": 12036.0,
    "min": 11920.0,
    "n_valid": 20,
    "q25": 11983.0,
    "q75": 12055.0,
    "std_dev": 46.70951666810973,
    "std_err": 10.444565446605283
  },
  "n_total": 20,
  "runs": [
    {
      "aborted": false,
      "cv_degree": 0.2789391000925194,
      "d_H": 0.0,
      "d_s": 0.0,
      "is_connected": false,
      "mean_curvature": 0.0,
      "mean_degree": 9.728610626091294,
      "n_final": 12027.0,
      "seed": 42,
      "std_curvature": 0.0,
      "steps_completed": 300,
      "total": -75.19041396504998
    },
    {
      "aborted": false,
      "cv_degree": 0.2790503139295553,
      "d_H": 0.0,
      "d_s": 0.0,
      "is_connected": false,
      "mean_curvature": 0.0,
      "mean_degree": 9.736300232480904,
      "n_final": 12044.0,
      "seed": 1000045,
      "std_curvature": 0.0,
      "steps_completed": 300,
      "total": -75.2349763230237
    },
    {
      "aborted": false,
      "cv_degree": 0.2787473017469417,
      "d_H": 0.0,
      "d_s": 0.0,
      "is_connected": false,
      "mean_curvature": 0.0,
      "mean_degree": 9.719508142239947,
      "n_final": 12036.0,
      "seed": 2000048,
      "std_curvature": 0.0,
      "steps_completed": 300,
      "total": -85.140720484488
    },
    {
      "aborted": false,
      "cv_degree": 0.2763088162186341,
      "d_H": 4.648937698403527,
      "d_s": 0.2979796528816223,
      "is_connected": true,
      "mean_curvature": -0.3518057096004486,
      "mean_degree": 9.747487332834954,
      "n_final": 12039.0,
      "seed": 3000051,
      "std_curvature": 0.16681278165577876,
      "steps_completed": 300,
      "total": -23.51541687590576
    },
    {
      "aborted": false,
      "cv_degree": 0.2756775042214325,
      "d_H": 0.0,
      "d_s": 0.0,
      "is_connected": false,
      "mean_curvature": 0.0,
      "mean_degree": 9.742572614107884,
      "n_final": 12050.0,
      "seed": 4000054,
      "std_curvature": 0.0,
      "steps_completed": 300,
      "total": -95.27030734614758
    },
    {
      "aborted": false,
      "cv_degree": 0.280247264128579,
      "d_H": 0.0,
      "d_s": 0.0,
      "is_connected": false,
      "mean_curvature": 0.0,
      "mean_degree": 9.7186751466094,
      "n_final": 12107.0,
      "seed": 5000057,
      "std_curvature": 0.0,
      "steps_completed": 300,
      "total": -85.14273549392124
    },
    {
      "aborted": false,
      "cv_degree": 0.2793067536534036,
      "d_H": 0.0,
      "d_s": 0.0,
      "is_connected": false,
      "mean_curvature": 0.0,
      "mean_degree": 9.718564377143814,
      "n_final": 11953.0,
      "seed": 6000060,
      "std_curvature": 0.0,
      "steps_completed": 300,
      "total": -85.12817509899746
    },
    {
      "aborted": false,
      "cv_degree": 0.2780626351352328,
      "d_H": 0.0,
      "d_s": 0.0,
      "is_connected": false,
      "mean_curvature": 0.0,
      "mean_degree": 9.738285144566301,
      "n_final": 12036.0,
      "seed": 7000063,
      "std_curvature": 0.0,
      "steps_completed": 300,
      "total": -75.24525748234089
    },
    {
      "aborted": false,
      "cv_degree": 0.27497049469190177,
      "d_H": 0.0,
      "d_s": 0.0,
      "is_connected": false,
      "mean_curvature": 0.0,
      "mean_degree": 9.744078184528739,
      "n_final": 12074.0,
      "seed": 8000066,
      "std_curvature": 0.0,
      "steps_completed": 300,
      "total": -75.28086100388099
    },
    {
      "aborted": false,
      "cv_degree": 0.2811747659432817,
      "d_H": 0.0,
      "d_s": 0.0,
      "is_connected": false,
      "mean_curvature": 0.0,
      "mean_degree": 9.710923808729033,
      "n_final": 11983.0,
      "seed": 9000069,
      "std_curvature": 0.0,
      "steps_completed": 300,
      "total": -85.08924193651818
    },
    {
      "aborted": false,
      "cv_degree": 0.27790051805591526,
      "d_H": 0.0,
      "d_s": 0.0,
      "is_connected": false,
      "mean_curvature": 0.0,
      "mean_degree": 9.733388635420987,
      "n_final": 12055.0,
      "seed": 10000072,
      "std_curvature": 0.0,
      "steps_completed": 300,
      "total": -75.21943789856776
    },
    {
      "aborted": false,
      "cv_degree": 0.27688360629068565,
      "d_H": 0.0,
      "d_s": 0.0,
      "is_connected": false,
      "mean_curvature": 0.0,
      "mean_degree": 9.756452017038336,
      "n_final": 11973.0,
      "seed": 11000075,
      "std_curvature": 0.0,
      "steps_completed": 300,
      "total": -75.34268248833166
    },
    {
      "aborted": false,
      "cv_degree": 0.2762279197908287,
      "d_H": 0.0,
      "d_s": 0.0,
      "is_connected": false,
      "mean_curvature": 0.0,
      "mean_degree": 9.75108225108225,
      "n_final": 12012.0,
      "seed": 12000078,
      "std_curvature": 0.0,
      "steps_completed": 300,
      "total": -85.31533821188268
    },
    {
      "aborted": false,