{
  "cv_degree": {
    "max": 0.27803951071314115,
    "mean": 0.26205288114697833,
    "median": 0.26092140079238646,
    "min": 0.24904403082367343,
    "n_valid": 20,
    "q25": 0.25526011604459453,
    "q75": 0.27089815065729533,
    "std_dev": 0.008477450304432385,
    "std_err": 0.0018956155156587098
  },
  "d_H": {
    "max": 3.17431780872449,
    "mean": 3.087142972521034,
    "median": 3.0926216686090564,
    "min": 3.003783586671319,
    "n_valid": 20,
    "q25": 3.0729528522309,
    "q75": 3.1097450048457795,
    "std_dev": 0.04276630133754908,
    "std_err": 0.009562835693699992
  },
  "d_s": {
    "max": 1.158591612559028,
    "mean": 0.9519649087955722,
    "median": 0.9400971086322396,
    "min": 0.8462675203828826,
    "n_valid": 20,
    "q25": 0.8994893318390539,
    "q75": 1.0154378023291246,
    "std_dev": 0.07965159980219735,
    "std_err": 0.017810639167432207
  },
  "f_curvature": {
    "max": -0.08519303052646698,
    "mean": -0.09841375768280403,
    "median": -0.09933580298526706,
    "min": -0.11389653141345875,
    "n_valid": 20,
    "q25": -0.10142581061617781,
    "q75": -0.09339938872740142,
    "std_dev": 0.007144051320491646,
    "std_err": 0.0015974584387366455
  },
  "f_hausdorff": {
    "max": -1.3635021619790562,
    "mean": -1.6700909226426455,
    "median": -1.6466709307143081,
    "min": -1.984894284370923,
    "n_valid": 20,
    "q25": -1.7188328283736471,
    "q75": -1.5851079127940821,
    "std_dev": 0.15730157262854025,
    "std_err": 0.03517370093650363
  },
  "f_regularity": {
    "max": -0.01860687878667084,
    "mean": -0.02062199589687399,
    "median": -0.02042399640783862,
    "min": -0.023191790855280878,
    "n_valid": 20,
    "q25": -0.02124779327907014,
    "q75": -0.019497891056241126,
    "std_dev": 0.0013402333500333152,
    "std_err": 0.0002996852876386763
  },
  "f_spectral": {
    "max": -3.744317650443949,
    "mean": -4.568660315399472,
    "median": -4.6791859884184035,
    "min": -5.1886328121248875,
    "n_valid": 20,
    "q25": -4.895700066566076,
    "q75": -4.297253011263324,
    "std_dev": 0.42483552748448017,
    "std_err": 0.09499611187122778
  },
  "f_stability": {
    "max": -0.2661468273247679,
    "mean": -0.30458996145884076,
    "median": -0.30565737318902614,
    "min": -0.3414969110262705,
    "n_valid": 20,
    "q25": -0.31475497733466085,
    "q75": -0.2938050966674772,
    "std_dev": 0.017044635353240457,
    "std_err": 0.00381129633015418
  },
  "fitness_total": {
    "max": -9.321247111321506,
    "mean": -11.212874988229085,
    "median": -11.235811263785234,
    "min": -12.412302130086356,
    "n_valid": 20,
    "q25": -11.484020297160601,
    "q75": -10.883004527821708,
    "std_dev": 0.6699991037490083,
    "std_err": 0.14981635408467167
  },
  "mean_curvature": {
    "max": -0.21216027855873107,
    "mean": -0.231746446142594,
    "median": -0.23336973498264948,
    "min": -0.25194561779499053,
    "n_valid": 20,
    "q25": -0.2364573182662328,
    "q75": -0.22737570623556771,
    "std_dev": 0.009624659712741275,
    "std_err": 0.002152139337799309
  },
  "mean_degree": {
    "max": 10.124293785310735,
    "mean": 10.017435172904378,
    "median": 10.03217640375722,
    "min": 9.85982905982906,
    "n_valid": 20,
    "q25": 9.97517730496454,
    "q75": 10.067019400352734,
    "std_dev": 0.07158850340841325,
    "std_err": 0.01600767600286874
  },
  "n_aborted": 0,
  "n_connected": 20,
  "n_final": {
    "max": 585.0,
    "mean": 558.7,
    "median": 559.5,
    "min": 531.0,
    "n_valid": 20,
    "q25": 552.0,
    "q75": 567.0,
    "std_dev": 12.213452462454326,
    "std_err": 2.731010994601007
  },
  "n_total": 20,
  "runs": [
    {
      "aborted": false,
      "cv_degree": 0.25526011604459453,
      "d_H": 3.0810287937125387,
      "d_s": 0.9434464457723125,
      "is_connected": true,
      "mean_curvature": -0.2341149644056956,
      "mean_degree": 10.05464480874317,
      "n_final": 549.0,
      "seed": 42,
      "std_curvature": 0.1490715904221281,
      "steps_completed": 300,
      "total": -11.481411901043595
    },
    {
      "aborted": false,
      "cv_degree": 0.27803951071314115,
      "d_H": 3.109336690568071,
      "d_s": 1.158591612559028,
      "is_connected": true,
      "mean_curvature": -0.23540268321832022,
      "mean_degree": 9.85982905982906,
      "n_final": 585.0,
      "seed": 1000045,
      "std_curvature": 0.16069788342988345,
      "steps_completed": 300,
      "total": -9.321247111321506
    },
    {
      "aborted": false,
      "cv_degree": 0.2648320152253109,
      "d_H": 3.092792195267125,
      "d_s": 0.9158191712043012,
      "is_connected": true,
      "mean_curvature": -0.23017053723335265,
      "mean_degree": 10.014209591474245,
      "n_final": 563.0,
      "seed": 2000048,
      "std_curvature": 0.16973513298409032,
      "steps_completed": 300,
      "total": -11.328790913449238
    },
    {
      "aborted": false,
      "cv_degree": 0.25727260093555404,
      "d_H": 3.1097450048457795,
      "d_s": 1.0264836677210112,
      "is_connected": true,
      "mean_curvature": -0.22772290229797362,
      "mean_degree": 10.045936395759718,
      "n_final": 566.0,
      "seed": 3000051,
      "std_curvature": 0.1442812456321923,
      "steps_completed": 300,
      "total": -11.096072313304662
    },
    {
      "aborted": false,
      "cv_degree": 0.2608182762678951,
      "d_H": 3.092451141950988,
      "d_s": 0.9409272065875662,
      "is_connected": true,
      "mean_curvature": -0.2428611727555593,
      "mean_degree": 9.97517730496454,
      "n_final": 564.0,
      "seed": 4000054,
      "std_curvature": 0.15646893532904255,
      "steps_completed": 300,
      "total": -10.957575729858586
    },
    {
      "aborted": false,
      "cv_degree": 0.2720116871119564,
      "d_H": 3.129873362970009,
      "d_s": 0.9172504699839324,
      "is_connected": true,
      "mean_curvature": -0.24239965299765268,
      "mean_degree": 9.946236559139784,
      "n_final": 558.0,
      "seed": 5000057,
      "std_curvature": 0.15955316978285808,
      "steps_completed": 300,
      "total": -10.883004527821708
    },
    {
      "aborted": false,
      "cv_degree": 0.2549371887102202,
      "d_H": 3.0969573614430876,
      "d_s": 0.87686287227679,
      "is_connected": true,
      "mean_curvature": -0.23482256333033244,
      "mean_degree": 10.060714285714285,
      "n_final": 560.0,
      "seed": 6000060,
      "std_curvature": 0.1489859662178364,
      "steps_completed": 300,
      "total": -11.845096463254135
    },
    {
      "aborted": false,
      "cv_degree": 0.2597501898983463,
      "d_H": 3.006077286312617,
      "d_s": 1.002122094674531,
      "is_connected": true,
      "mean_curvature": -0.21967557728290557,
      "mean_degree": 10.047186932849364,
      "n_final": 551.0,
      "seed": 7000063,
      "std_curvature": 0.15921147612633096,
      "steps_completed": 300,
      "total": -11.142831614121231
    },
    {
      "aborted": false,
      "cv_degree": 0.26306044558632136,
      "d_H": 3.17431780872449,
      "d_s": 0.9228842995835076,
      "is_connected": true,
      "mean_curvature": -0.22538290977478026,
      "mean_degree": 10.014466546112116,
      "n_final": 553.0,
      "seed": 8000066,
      "std_curvature": 0.13989299380628362,
      "steps_completed": 300,
      "total": -11.34943908202508
    },
    {
      "aborted": false,
      "cv_degree": 0.25492509283649584,
      "d_H": 3.003783586671319,
      "d_s": 1.0687596461362285,
      "is_connected": true,
      "mean_curvature": -0.22737570623556771,
      "mean_degree": 10.117863720073665,
      "n_final": 543.0,
      "seed": 9000069,
      "std_curvature": 0.15994279878519926,
      "steps_completed": 300,
      "total": -11.424054334923166
    },
    {
      "aborted": false,
      "cv_degree": 0.27089815065729533,
      "d_H": 3.1031431877019404,
      "d_s": 1.0154378023291246,
      "is_connected": true,
      "mean_curvature": -0.2127659962574641,