{
  "d_H": {
    "obs_name": "d_H",
    "model": "power_law",
    "O_inf": 4.7149378762915335,
    "O_inf_err": 0.03684864784182277,
    "chi2": 197.74356314979963,
    "ndof": 1,
    "chi2_ndof": 197.74356314979963,
    "boot_median": 4.715145463921769,
    "boot_ci_lo": 4.693558694041243,
    "boot_ci_hi": 4.73770832142479,
    "popt": [
      4.7149378762915335,
      -499.99999999999994,
      1.035983076133311
    ]
  },
  "d_s": {
    "obs_name": "d_s",
    "model": "power_law",
    "O_inf": 0.008702057251661968,
    "O_inf_err": 0.08795347375941198,
    "chi2": 26.713757100571655,
    "ndof": 1,
    "chi2_ndof": 26.713757100571655,
    "boot_median": 0.009680161112283408,
    "boot_ci_lo": -0.02775673541148272,
    "boot_ci_hi": 0.04692472526625351,
    "popt": [
      0.008702057251661968,
      499.99999999999994,
      1.1348679584772898
    ]
  },
  "kappa": {
    "obs_name": "kappa",
    "model": "power_law",
    "O_inf": -0.3410452538164529,
    "O_inf_err": 0.006281942960407885,
    "chi2": 0.20730583526138222,
    "ndof": 1,
    "chi2_ndof": 0.20730583526138222,
    "boot_median": -0.34115329108918097,
    "boot_ci_lo": -0.3575127255735411,
    "boot_ci_hi": -0.3308400832132332,
    "popt": [
      -0.3410452538164529,
      15.224375885439835,
      0.8901982099010699
    ]
  },
  "scales_used": [
    4,
    5,
    6,
    7
  ],
  "N_values": [
    256.0,
    625.0,
    1296.0,
    2401.0
  ],
  "connectivity": {
    "4": 1.0,
    "5": 0.9,
    "6": 0.2,
    "7": 0.25,
    "8": 0.05
  }
}