{
  "description": "Finite-size scaling of best 4D CMA-ES v3 rule (connected runs only)",
  "scales": [
    {
      "L": 4,
      "N": 256,
      "n_connected": 20,
      "n_total": 20,
      "d_H": 3.087142972521034,
      "d_H_err": 0.009562835693699994,
      "d_s": 0.9519649087955724,
      "d_s_err": 0.017810639167432207,
      "kappa": -0.231746446142594,
      "kappa_err": 0.0021521393377993085,
      "std_kappa": 0.15354821348095277,
      "std_kappa_err": 0.0016615524244041227,
      "mean_degree": 10.017435172904378,
      "mean_degree_err": 0.01600767600286874,
      "cv_degree": 0.26205288114697833,
      "cv_degree_err": 0.0018956155156587098,
      "n_final": 558.7,
      "n_final_err": 2.7310109946010064
    },
    {
      "L": 5,
      "N": 625,
      "n_connected": 18,
      "n_total": 20,
      "d_H": 4.264126306903183,
      "d_H_err": 0.014935514719121924,
      "d_s": 0.322831595937411,
      "d_s_err": 0.004223708915163355,
      "kappa": -0.291419089447569,
      "kappa_err": 0.0023999394988200285,
      "std_kappa": 0.15960472136296627,
      "std_kappa_err": 0.0009690090835492791,
      "mean_degree": 9.796553321240777,
      "mean_degree_err": 0.01014443260484455,
      "cv_degree": 0.2742917853088021,
      "cv_degree_err": 0.0011123153913786988,
      "n_final": 1601.5,
      "n_final_err": 3.779243275916767
    },
    {
      "L": 6,
      "N": 1296,
      "n_connected": 4,
      "n_total": 20,
      "d_H": 4.3878294560726605,
      "d_H_err": 0.01100981354560208,
      "d_s": 0.28118039667606354,
      "d_s_err": 0.0283379965867483,
      "kappa": -0.3177531798183918,
      "kappa_err": 0.0057640551966380025,
      "std_kappa": 0.16503309674317493,
      "std_kappa_err": 0.0031346965376145364,
      "mean_degree": 9.742668257361151,
      "mean_degree_err": 0.0030745126865293995,
      "cv_degree": 0.2772394500940433,
      "cv_degree_err": 0.0009676416970691834,
      "n_final": 3610.0,
      "n_final_err": 3.6742346141747673
    },
    {
      "L": 7,
      "N": 2401,
      "n_connected": 5,
      "n_total": 20,
      "d_H": 4.453935097321662,
      "d_H_err": 0.018436324636915868,
      "d_s": 1.929294653236664,
      "d_s_err": 1.6513783885172613,
      "kappa": -0.3259578721523285,
      "kappa_err": 0.002110339845863954,
      "std_kappa": 0.1642432923356852,
      "std_kappa_err": 0.0018032224327682157,
      "mean_degree": 9.73344699043001,
      "mean_degree_err": 0.013485075882846885,
      "cv_degree": 0.27827575108359115,
      "cv_degree_err": 0.0017681201647252332,
      "n_final": 6933.0,
      "n_final_err": 12.271919165313957
    },
    {
      "L": 8,
      "N": 4096,
      "n_connected": 1,
      "n_total": 20,
      "d_H": 4.648937698403527,
      "d_H_err": 0.0,
      "d_s": 0.2979796528816223,
      "d_s_err": 0.0,
      "kappa": -0.3518057096004486,
      "kappa_err": 0.0,
      "std_kappa": 0.16681278165577876,
      "std_kappa_err": 0.0,
      "mean_degree": 9.747487332834954,
      "mean_degree_err": 0.0,
      "cv_degree": 0.2763088162186341,
      "cv_degree_err": 0.0,
      "n_final": 12039.0,
      "n_final_err": 0.0
    }
  ]
}