{
  "config": {
    "graph_side": 5,
    "seed": 42,
    "target_curv": 0.0,
    "target_dim": 3.0,
    "total_steps": 200,
    "transient_steps": 50
  },
  "curvature": {
    "max": 0.3333340287208557,
    "mean": -0.1250506490468979,
    "median": -0.16666603088378906,
    "min": -0.6000000238418579,
    "std": 0.24356138706207275,
    "values": [
      0.16666799783706665,
      0.16666799783706665,
      -9.5367431640625e-07,
      -0.06666600704193115,
      -0.16666603088378906,
      -0.16666603088378906,
      -0.16666603088378906,
      -9.5367431640625e-07,
      -0.16666603088378906,
      -0.3333350419998169,
      -0.16666603088378906,
      -0.41666603088378906,
      0.3333340287208557,
      -0.3333350419998169,
      0.3333340287208557,
      -9.5367431640625e-07,
      -0.3333350419998169,
      0.3333340287208557,
      -0.16666603088378906,
      -0.2999999523162842,
      0.16666799783706665,
      -0.16666603088378906,
      0.3333340287208557,
      -0.16666603088378906,
      0.16666799783706665,
      0.0,
      -9.5367431640625e-07,
      -0.266666054725647,
      0.08333402872085571,
      0.08333402872085571,
      0.050000011920928955,
      0.3333340287208557,
      -9.5367431640625e-07,
      0.16666799783706665,
      0.33333301544189453,
      0.08333402872085571,
      -0.06666600704193115,
      0.16666799783706665,
      -0.3500000238418579,
      -0.266666054725647,
      -0.5499999523162842,
      -0.25,
      -0.41666603088378906,
      0.25,
      0.08333402872085571,
      -0.25,
      0.16666799783706665,
      -0.16666603088378906,
      -0.25,
      -9.5367431640625e-07,
      -0.3333350419998169,
      -0.46666598320007324,
      -0.5499999523162842,
      -0.2999999523162842,
      -0.2999999523162842,
      -0.2999999523162842,
      0.25,
      -0.10000002384185791,
      -0.16666603088378906,
      -0.3333350419998169,
      0.08333402872085571,
      -0.125,
      -0.25,
      -0.20000004768371582,
      -0.20000004768371582,
      -0.5499999523162842,
      -0.2999999523162842,
      -0.10000002384185791,
      -0.3500000238418579,
      0.3333340287208557,
      -0.3333350419998169,
      -0.16666603088378906,
      -0.16666603088378906,
      0.0,
      -0.25,
      0.25,
      0.25,
      -0.41666603088378906,
      -0.16666603088378906,
      -9.5367431640625e-07,
      -0.16666603088378906,
      0.08333402872085571,
      0.25,
      -0.16666603088378906,
      -0.25,
      -0.3333350419998169,
      -0.2999999523162842,
      -0.46666598320007324,
      -9.5367431640625e-07,
      -0.25,
      -0.25,
      -0.41666603088378906,
      -0.3500000238418579,
      -0.3999999761581421,
      -0.6000000238418579,
      -0.3999999761581421,
      -0.46666598320007324,
      0.19999998807907104,
      -0.5499999523162842,
      -0.16666603088378906,
      -0.25,
      -0.1499999761581421,
      -0.2999999523162842,
      -0.3500000238418579,
      0.19999998807907104,
      -0.3999999761581421,
      -0.10000002384185791,
      -0.25,
      -0.16666603088378906,
      -0.41666603088378906,
      -0.25,
      -0.25,
      -0.36666595935821533,
      0.3333340287208557,
      -0.36666595935821533,
      -0.266666054725647,
      0.08333402872085571,
      0.16666799783706665,
      0.16666799783706665,
      0.25,
      -0.36666595935821533,
      -0.36666595935821533,
      -0.46666598320007324,
      -0.266666054725647,
      -0.5,
      0.3333340287208557,
      -0.3500000238418579,
      0.25,
      -0.2999999523162842,
      -0.16666603088378906,
      -0.266666054725647,
      0.25,
      0.16666799783706665,
      -0.16666603088378906,
      0.08333402872085571,
      0.0,
      -0.25,
      -0.125,
      -0.2250000238418579,
      -0.3500000238418579,
      -0.125,
      -0.3250000476837158,
      0.0,
      0.25,
      -0.25,
      -0.16666603088378906,
      0.3333340287208557,
      0.25,
      -0.16666603088378906,
      -0.16666603088378906,
      -0.3333350419998169,
      -0.41666603088378906,
      -0.3333350419998169,
      -0.25,
      -0.25,
      -0.2999999523162842,
      -0.25,
      0.25,
      0.0,
      0.25,
      -0.16666603088378906,
      -0.5,
      0.25,
      0.08333402872085571
    ]
  },
  "curvature_histogram": [
    {
      "bin_hi": -0.5533333420753479,
      "bin_lo": -0.6000000238418579,
      "count": 1
    },
    {
      "bin_hi": -0.5066666007041931,
      "bin_lo": -0.5533333420753479,
      "count": 4
    },
    {
      "bin_hi": -0.4599999189376831,
      "bin_lo": -0.5066666007041931,
      "count": 6
    },
    {
      "bin_hi": -0.4133332073688507,
      "bin_lo": -0.4599999189376831,
      "count": 6
    },
    {
      "bin_hi": -0.3666664958000183,
      "bin_lo": -0.4133332073688507,
      "count": 3
    },
    {
      "bin_hi": -0.3199998140335083,
      "bin_lo": -0.3666664958000183,
      "count": 20
    },
    {
      "bin_hi": -0.2733331024646759,
      "bin_lo": -0.3199998140335083,
      "count": 9
    },
    {
      "bin_hi": -0.2266663908958435,
      "bin_lo": -0.2733331024646759,
      "count": 22
    },
    {
      "bin_hi": -0.1799996793270111,
      "bin_lo": -0.2266663908958435,
      "count": 3
    },
    {
      "bin_hi": -0.1333329826593399,
      "bin_lo": -0.1799996793270111,
      "count": 24
    },
    {
      "bin_hi": -0.0866662785410881,
      "bin_lo": -0.1333329826593399,
      "count": 6
    },
    {
      "bin_hi": -0.039999574422836304,
      "bin_lo": -0.0866662785410881,
      "count": 2
    },
    {
      "bin_hi": 0.006667129695415497,
      "bin_lo": -0.039999574422836304,
      "count": 13
    },
    {
      "bin_hi": 0.0533338338136673,
      "bin_lo": 0.006667129695415497,
      "count": 1
    },
    {
      "bin_hi": 0.1000005379319191,
      "bin_lo": 0.0533338338136673,
      "count": 9
    },
    {
      "bin_hi": 0.1466672420501709,
      "bin_lo": 0.1000005379319191,
      "count": 0
    },
    {
      "bin_hi": 0.1933339536190033,
      "bin_lo": 0.1466672420501709,
      "count": 10
    },
    {
      "bin_hi": 0.2400006502866745,
      "bin_lo": 0.1933339536190033,
      "count": 2
    },
    {
      "bin_hi": 0.2866673469543457,
      "bin_lo": 0.2400006502866745,
      "count": 13
    },
    {
      "bin_hi": 0.3333340585231781,
      "bin_lo": 0.2866673469543457,
      "count": 10
    }
  ],
  "degree_histogram": {
    "0": 10,
    "1": 24,
    "2": 26,
    "3": 36,
    "4": 21,
    "5": 12
  },
  "fitness": {
    "connectivity_term": 0.0,
    "degree_reg_term": -0.26808764454538786,
    "dimension_term": -3.3607118129730225,
    "ricci_term": -0.1250506490468979,
    "size_term": -0.014757073257231534,
    "total": -3.76860717982254
  },
  "graph": {
    "E_final": 164,
    "N_final": 119,
    "N_initial": 125,
    "connected": true,
    "cv_degree": 0.5361752890907757,
    "mean_degree": 2.7563025210084033,
    "num_components": 1,
    "std_degree": 1.4778613010233146
  },
  "params": [
    -11.349042636548669,
    250.29628496781896,
    56.752743938579165,
    246.00042266351068,
    -31.688129862497647,
    81.60196324536206,
    -8.42341333433426,
    -108.63922552739429,
    -49.65870411595578,
    -18.74457597517017,
    -4.082868029056841,
    -4.61887034443808,
    -2.3294600660591365,
    -0.07679582554124319
  ],
  "spectral": {
    "dimension": -0.36071181297302246,
    "fit_error": 0.9961490035057068,