{
  "cv_degree": {
    "max": 0.27896848270361024,
    "mean": 0.2679224350928156,
    "median": 0.2696488958635893,
    "min": 0.2509536058167658,
    "n_valid": 10,
    "q25": 0.2566831734899019,
    "q75": 0.27819891447546247,
    "std_dev": 0.010546465156347136,
    "std_err": 0.003335085115766076
  },
  "d_H": {
    "max": 3.4495036015821787,
    "mean": 2.3975777381291126,
    "median": 3.4183032894659604,
    "min": 0.0,
    "n_valid": 10,
    "q25": 0.0,
    "q75": 3.4234332607113247,
    "std_dev": 1.6545496759105074,
    "std_err": 0.5232145477770629
  },
  "d_s": {
    "max": 2.3663992881774902,
    "mean": 1.1156088709831238,
    "median": 1.4222058057785034,
    "min": 0.0,
    "n_valid": 10,
    "q25": 0.0,
    "q75": 1.5004533529281616,
    "std_dev": 0.8463926834196552,
    "std_err": 0.2676528674507943
  },
  "f_curvature": {
    "max": -0.22970375579210311,
    "mean": -1.969837494896252,
    "median": -0.24665884747464517,
    "min": -6.0,
    "n_valid": 10,
    "q25": -6.0,
    "q75": -0.238320927765718,
    "std_dev": 2.7810873094989317,
    "std_err": 0.8794570269806254
  },
  "f_hausdorff": {
    "max": -0.6060925693419852,
    "mean": -10.063076544778841,
    "median": -0.6767426556738536,
    "min": -32.0,
    "n_valid": 10,
    "q25": -32.0,
    "q75": -0.6648584097079505,
    "std_dev": 15.137952146024396,
    "std_err": 4.787040789207092
  },
  "f_regularity": {
    "max": -0.018893313681731,
    "mean": -0.021564760908188582,
    "median": -0.021813244805582707,
    "min": -0.023347024302586346,
    "n_valid": 10,
    "q25": -0.023218390804597703,
    "q75": -0.01976587546585412,
    "std_dev": 0.0016836971390899313,
    "std_err": 0.0005324317849433502
  },
  "f_spectral": {
    "max": -1.1173208190906592,
    "mean": -7.260549799191464,
    "median": -4.088974343505729,
    "min": -16.0,
    "n_valid": 10,
    "q25": -16.0,
    "q75": -3.6003794858931286,
    "std_dev": 6.149641687856043,
    "std_err": 1.944687452754733
  },
  "f_stability": {
    "max": -0.1794054056315391,
    "mean": -0.18911468399728187,
    "median": -0.19104689763886235,
    "min": -0.19495846558867214,
    "n_valid": 10,
    "q25": -0.19495846558867214,
    "q75": -0.18197992571444432,
    "std_dev": 0.006210007042308385,
    "std_err": 0.001963776653938012
  },
  "fitness_total": {
    "max": -2.218798875877598,
    "mean": -22.504143283772027,
    "median": -5.155893370828465,
    "min": -64.2081015790578,
    "n_valid": 10,
    "q25": -64.20388014311027,
    "q75": -4.791467483238589,
    "std_dev": 28.801494982444854,
    "std_err": 9.107832416243703
  },
  "mean_curvature": {
    "max": 0.0,
    "mean": -0.27628309061129885,
    "median": -0.3906078117092451,
    "min": -0.40890029033025105,
    "n_valid": 10,
    "q25": -0.39573279102643333,
    "q75": 0.0,
    "std_dev": 0.19076725856864174,
    "std_err": 0.06032590400631806
  },
  "mean_degree": {
    "max": 9.471458773784356,
    "mean": 9.318210598922068,
    "median": 9.310884025319172,
    "min": 9.157894736842104,
    "n_valid": 10,
    "q25": 9.278825995807129,
    "q75": 9.364210526315789,
    "std_dev": 0.09709303338071598,
    "std_err": 0.030703513041782086
  },
  "n_aborted": 0,
  "n_connected": 7,
  "n_final": {
    "max": 478.0,
    "mean": 473.5,
    "median": 475.0,
    "min": 466.0,
    "n_valid": 10,
    "q25": 468.0,
    "q75": 478.0,
    "std_dev": 4.790035954399971,
    "std_err": 1.5147423690002348
  },
  "n_total": 10,
  "runs": [
    {
      "aborted": false,
      "cv_degree": 0.2566831734899019,
      "d_H": 3.4495036015821787,
      "d_s": 1.4596606492996216,
      "is_connected": true,
      "mean_curvature": -0.3908863238493602,
      "mean_degree": 9.301255230125523,
      "n_final": 478.0,
      "seed": 42,
      "std_curvature": 0.11030713647881586,
      "steps_completed": 100,
      "total": -5.018605810672391
    },
    {
      "aborted": false,
      "cv_degree": 0.2769473895823365,
      "d_H": 3.397919949707438,
      "d_s": 1.5004533529281616,
      "is_connected": true,
      "mean_curvature": -0.40045126080513,
      "mean_degree": 9.278825995807129,
      "n_final": 477.0,
      "seed": 1000045,
      "std_curvature": 0.10882710252389174,
      "steps_completed": 100,
      "total": -4.791467483238589
    },
    {
      "aborted": false,
      "cv_degree": 0.2509536058167658,
      "d_H": 3.4234332607113247,
      "d_s": 2.3663992881774902,
      "is_connected": true,
      "mean_curvature": -0.39032929956912993,
      "mean_degree": 9.454935622317597,
      "n_final": 466.0,
      "seed": 2000048,
      "std_curvature": 0.1142248345006557,
      "steps_completed": 100,
      "total": -2.218798875877598
    },
    {
      "aborted": false,
      "cv_degree": 0.2784463908002167,
      "d_H": 3.446558195235391,
      "d_s": 1.3926658630371094,
      "is_connected": true,
      "mean_curvature": -0.39573279102643333,
      "mean_degree": 9.209205020920502,
      "n_final": 478.0,
      "seed": 3000051,
      "std_curvature": 0.10946360128979028,
      "steps_completed": 100,
      "total": -5.293180930984538
    },
    {
      "aborted": false,
      "cv_degree": 0.27896848270361024,
      "d_H": 0.0,
      "d_s": 0.0,
      "is_connected": false,
      "mean_curvature": 0.0,
      "mean_degree": 9.289079229122056,
      "n_final": 467.0,
      "seed": 4000054,
      "std_curvature": 0.0,
      "steps_completed": 100,
      "total": -64.20403877555299
    },
    {
      "aborted": false,
      "cv_degree": 0.2701864627489,
      "d_H": 0.0,
      "d_s": 0.0,
      "is_connected": false,
      "mean_curvature": 0.0,
      "mean_degree": 9.320512820512821,
      "n_final": 468.0,
      "seed": 5000057,
      "std_curvature": 0.0,
      "steps_completed": 100,
      "total": -64.20388014311027
    },
    {
      "aborted": false,
      "cv_degree": 0.2559554522933111,
      "d_H": 0.0,
      "d_s": 0.0,
      "is_connected": false,
      "mean_curvature": 0.0,
      "mean_degree": 9.471458773784356,
      "n_final": 473.0,
      "seed": 6000060,
      "std_curvature": 0.0,
      "steps_completed": 100,
      "total": -64.2081015790578
    },
    {
      "aborted": false,
      "cv_degree": 0.27819891447546247,
      "d_H": 3.421755795122868,
      "d_s": 1.0404999256134033,
      "is_connected": true,
      "mean_curvature": -0.38388075987497966,
      "mean_degree": 9.157894736842104,
      "n_final": 475.0,
      "seed": 7000063,
      "std_curvature": 0.10743741799339389,
      "steps_completed": 100,
      "total": -6.783081281256813
    },
    {
      "aborted": false,
      "cv_degree": 0.2637731500393723,
      "d_H": 3.4177887111876166,
      "d_s": 1.9446638822555542,
      "is_connected": true,
      "mean_curvature": -0.40890029033025105,
      "mean_degree": 9.364210526315789,
      "n_final": 475.0,
      "seed": 8000066,
      "std_curvature": 0.10781258677825516,
      "steps_completed": 100,
      "total": -3.319473347849751
    },
    {
      "aborted": false,
      "cv_degree": 0.26911132897827866,
      "d_H": 3.418817867744304,
      "d_s": 1.4517457485198975,
      "is_connected": true,
      "mean_curvature": -0.3926501806577047,
      "mean_degree": 9.334728033472803,
      "n_final": 478.0,
      "seed": 9000069,
      "std_curvature": 0.10289516880910037,
      "steps_completed": 100,
      "total": -5.000804610119544
    }
  ],
  "std_curvature": {
    "max": 0.1142248345006557,
    "mean": 0.07609678483739028,
    "median": 0.10762500238582452,
    "min": 0.0,
    "n_valid": 10,
    "q25": 0.0,
    "q75": 0.10946360128979028,
    "std_dev": 0.05258554640584623,
    "std_err": 0.016629009864695513
  }
}
