{
  "cv_degree": {
    "max": 0.2435269979966214,
    "mean": 0.2346054647699444,
    "median": 0.23475254047982064,
    "min": 0.22628473815402933,
    "n_valid": 10,
    "q25": 0.2318665854342692,
    "q75": 0.23668773656328093,
    "std_dev": 0.004470538167915645,
    "std_err": 0.001413708297732972
  },
  "d_H": {
    "max": 3.801406012275147,
    "mean": 3.7646278234992225,
    "median": 3.7695456914837377,
    "min": 3.7103508840276063,
    "n_valid": 10,
    "q25": 3.7405603444258753,
    "q75": 3.7902454076663665,
    "std_dev": 0.030334124766091788,
    "std_err": 0.009592492508857242
  },
  "d_s": {
    "max": 2.9199628829956055,
    "mean": 1.839958095550537,
    "median": 1.8304014801979065,
    "min": 1.2020127773284912,
    "n_valid": 10,
    "q25": 1.5179579257965088,
    "q75": 2.041008472442627,
    "std_dev": 0.47050817457903904,
    "std_err": 0.14878774893978988
  },
  "f_curvature": {
    "max": -0.18061515057524025,
    "mean": -0.1970608909549021,
    "median": -0.19943140797511588,
    "min": -0.21398654079032986,
    "n_valid": 10,
    "q25": -0.20207799399735168,
    "q75": -0.19222540016691914,
    "std_dev": 0.01014857291812031,
    "std_err": 0.0032092605421561674
  },
  "f_hausdorff": {
    "max": -0.07887914392091798,
    "mean": -0.11245640936701114,
    "median": -0.1065596524167556,
    "min": -0.1677932207671784,
    "n_valid": 10,
    "q25": -0.13461786976884094,
    "q75": -0.08799397801009753,
    "std_dev": 0.029319565947792645,
    "std_err": 0.00927166084025382
  },
  "f_regularity": {
    "max": -0.015361434816431284,
    "mean": -0.0165173133720844,
    "median": -0.01653268461279302,
    "min": -0.01779161962597393,
    "n_valid": 10,
    "q25": -0.01680632539183472,
    "q75": -0.016128634032284175,
    "std_dev": 0.0006301194684750909,
    "std_err": 0.00019926127183959532
  },
  "f_spectral": {
    "max": -0.7441575218425758,
    "mean": -3.892320696684947,
    "median": -3.8402551343393707,
    "min": -6.291760057518901,
    "n_valid": 10,
    "q25": -5.039449507531616,
    "q75": -3.0989994982483897,
    "std_dev": 1.5568331487247455,
    "std_err": 0.49231386868218585
  },
  "f_stability": {
    "max": -0.5274724413890526,
    "mean": -0.5513065415339025,
    "median": -0.5554712164597138,
    "min": -0.563362190705857,
    "n_valid": 10,
    "q25": -0.5619277123140475,
    "q75": -0.5403985803405097,
    "std_dev": 0.011957047522963588,
    "std_err": 0.0037811504263439407
  },
  "fitness_total": {
    "max": -1.6106203515952724,
    "mean": -4.769661851912848,
    "median": -4.709897855925351,
    "min": -7.211050775961729,
    "n_valid": 10,
    "q25": -5.921484316123105,
    "q75": -3.922790512372143,
    "std_dev": 1.5649750459857596,
    "std_err": 0.49488856266417497
  },
  "mean_curvature": {
    "max": -0.32937366942564644,
    "mean": -0.34707630403836565,
    "median": -0.3491051521897316,
    "min": -0.36518021365006764,
    "n_valid": 10,
    "q25": -0.3522042065858841,
    "q75": -0.3426356091101964,
    "std_dev": 0.010446301002664036,
    "std_err": 0.003303410429211902
  },
  "mean_degree": {
    "max": 10.30748299319728,
    "mean": 10.233938340434708,
    "median": 10.222875780344658,
    "min": 10.182561307901908,
    "n_valid": 10,
    "q25": 10.197564276048714,
    "q75": 10.265193370165745,
    "std_dev": 0.04100864824435386,
    "std_err": 0.012968073221682343
  },
  "n_aborted": 0,
  "n_connected": 10,
  "n_final": {
    "max": 740.0,
    "mean": 731.6,
    "median": 734.5,
    "min": 715.0,
    "n_valid": 10,
    "q25": 724.0,
    "q75": 739.0,
    "std_dev": 8.329332372872257,
    "std_err": 2.6339661686851215
  },
  "n_total": 10,
  "runs": [
    {
      "aborted": false,
      "cv_degree": 0.2435269979966214,
      "d_H": 3.7826085355335266,
      "d_s": 2.9199628829956055,
      "is_connected": true,
      "mean_curvature": -0.3426356091101964,
      "mean_degree": 10.192151556156968,
      "n_final": 739.0,
      "seed": 42,
      "std_curvature": 0.14663632665632864,
      "steps_completed": 100,
      "total": -1.6106203515952724
    },
    {
      "aborted": false,
      "cv_degree": 0.23519236724145345,
      "d_H": 3.7497384243356424,
      "d_s": 1.504866600036621,
      "is_connected": true,
      "mean_curvature": -0.3504293070236842,
      "mean_degree": 10.2268326417704,
      "n_final": 723.0,
      "seed": 1000045,
      "std_curvature": 0.15062005301542228,
      "steps_completed": 100,
      "total": -5.921484316123105
    },
    {
      "aborted": false,
      "cv_degree": 0.2343127137181878,
      "d_H": 3.7902454076663665,
      "d_s": 1.5179579257965088,
      "is_connected": true,
      "mean_curvature": -0.35443989316622415,
      "mean_degree": 10.218878248974008,
      "n_final": 731.0,
      "seed": 2000048,
      "std_curvature": 0.14136440003372344,
      "steps_completed": 100,
      "total": -6.021632597484809
    },
    {
      "aborted": false,
      "cv_degree": 0.23716510179518868,
      "d_H": 3.7405603444258753,
      "d_s": 2.063387155532837,
      "is_connected": true,
      "mean_curvature": -0.3459927483399709,
      "mean_degree": 10.218918918918918,
      "n_final": 740.0,
      "seed": 3000051,
      "std_curvature": 0.14716389060078108,
      "steps_completed": 100,
      "total": -3.7235735325475368
    },
    {
      "aborted": false,
      "cv_degree": 0.23668773656328093,
      "d_H": 3.790454000005001,
      "d_s": 1.860816478729248,
      "is_connected": true,
      "mean_curvature": -0.36518021365006764,
      "mean_degree": 10.197564276048714,
      "n_final": 739.0,
      "seed": 4000054,
      "std_curvature": 0.1363899220522605,
      "steps_completed": 100,
      "total": -4.604040594239253
    },
    {
      "aborted": false,
      "cv_degree": 0.23419833812157156,
      "d_H": 3.7564828474339484,
      "d_s": 1.9599170684814453,
      "is_connected": true,
      "mean_curvature": -0.3522042065858841,
      "mean_degree": 10.247282608695652,
      "n_final": 736.0,
      "seed": 5000057,
      "std_curvature": 0.1455465319073288,
      "steps_completed": 100,
      "total": -4.122287638577081
    },
    {
      "aborted": false,
      "cv_degree": 0.22628473815402933,
      "d_H": 3.801406012275147,
      "d_s": 2.041008472442627,
      "is_connected": true,
      "mean_curvature": -0.35002168039480847,
      "mean_degree": 10.282517482517482,
      "n_final": 715.0,
      "seed": 6000060,
      "std_curvature": 0.1562273082306399,
      "steps_completed": 100,
      "total": -3.922790512372143
    },
    {
      "aborted": false,
      "cv_degree": 0.23126526373282102,
      "d_H": 3.789209773598245,
      "d_s": 1.799986481666565,
      "is_connected": true,
      "mean_curvature": -0.3481886239846547,
      "mean_degree": 10.30748299319728,
      "n_final": 735.0,
      "seed": 7000063,
      "std_curvature": 0.145115999725806,
      "steps_completed": 100,
      "total": -4.815755117611449
    },
    {
      "aborted": false,
      "cv_degree": 0.2318665854342692,
      "d_H": 3.7103508840276063,
      "d_s": 1.2020127773284912,
      "is_connected": true,
      "mean_curvature": -0.32937366942564644,
      "mean_degree": 10.182561307901908,
      "n_final": 734.0,
      "seed": 8000066,
      "std_curvature": 0.1544220597750107,
      "steps_completed": 100,
      "total": -7.211050775961729
    },
    {
      "aborted": false,
      "cv_degree": 0.23555480494202063,
      "d_H": 3.735222005690865,
      "d_s": 1.5296651124954224,
      "is_connected": true,
      "mean_curvature": -0.3322970887025197,
      "mean_degree": 10.265193370165745,
      "n_final": 724.0,
      "seed": 9000069,
      "std_curvature": 0.14610803324152605,
      "steps_completed": 100,
      "total": -5.743383082616096
    }
  ],
  "std_curvature": {
    "max": 0.1562273082306399,
    "mean": 0.14695945252388276,
    "median": 0.14637217994892734,
    "min": 0.1363899220522605,
    "n_valid": 10,
    "q25": 0.145115999725806,